id,key,filename,content_type,metadata,service_name,byte_size,checksum,created_at
1,6332otbgx1dxs96mgfk3dm3qvmsm,lawyer.png,image/png,"{""identified"":true,""analyzed"":true}",cloudinary_production,37070,UC1ASjNGqUnEl0+eNe8Byg==,2022-07-19 20:21:37.605821
2,j7lysvp4iv2z3q2j78lvaul8jd75,transportation.png,image/png,"{""identified"":true,""analyzed"":true}",cloudinary_production,14153,nFwwqzmdS5dP1LBfsftAvA==,2022-07-19 20:22:18.298942
3,mcysh2mac7mritqfk2gt68p1fvbm,teachers.png,image/png,"{""identified"":true,""analyzed"":true}",cloudinary_production,24228,IHryWls/+UiZ/mlZEUjKgg==,2022-07-19 20:22:28.814574
4,pn7xp08l9j4si49th8hf1qa4dt4b,pharmacy.png,image/png,"{""identified"":true,""analyzed"":true}",cloudinary_production,23588,cWW6TiXVeHVuPzHKfIpdfQ==,2022-07-19 20:22:36.410682
5,ttxe4ekbfsosbbqw6fknbqz2g9w5,clothes.png,image/png,"{""identified"":true,""analyzed"":true}",cloudinary_production,33499,MfzT0Cda+Xim4XtAYNFv5A==,2022-07-19 20:22:56.115884
6,xd6stt917ny2ypt6gzz72miysned,tools.png,image/png,"{""identified"":true,""analyzed"":true}",cloudinary_production,19765,lNAk+VXigbaua5eh3sMdWw==,2022-07-19 20:23:49.767542
7,xhe7nomzvia8zzcvr5khe6r6j7wi,metal.png,image/png,"{""identified"":true,""analyzed"":true}",cloudinary_production,30696,RdyEELIpjWHkKNcFzaIzEA==,2022-07-19 20:23:56.748886
8,15dcjo17qm6k8gin333qj7bqwhnq,x_rays.png,image/png,"{""identified"":true,""analyzed"":true}",cloudinary_production,31406,fVxf47193JbKaSuS+mK0/A==,2022-07-19 20:24:04.039675
9,k4krausyak6po2rwz15abvv8j4ux,library.png,image/png,"{""identified"":true,""analyzed"":true}",cloudinary_production,20545,p42lFY3THF24vqEwSZbLCw==,2022-07-19 20:24:10.656141
10,mkjdz2r7kb63stce472ho7asxld1,eng.png,image/png,"{""identified"":true,""analyzed"":true}",cloudinary_production,46389,dpLJFO4X9xuS1q/rymM69A==,2022-07-19 20:24:33.061031
11,4wgmhxe5iusbhw906ckd1m6frypi,electronics.png,image/png,"{""identified"":true,""analyzed"":true}",cloudinary_production,6574,NG6AxzxhUkY+lsLRC7nLkw==,2022-07-19 20:24:49.496363
12,buhascrg3pv1c50k6dlwzqybbddv,vet_doc.png,image/png,"{""identified"":true,""analyzed"":true}",cloudinary_production,11418,oYNumrxqno7XT+dXWiJIhw==,2022-07-19 20:24:57.075292
13,fy88q644pc5or3m56mn9f0e43vbo,Craftsmen.png,image/png,"{""identified"":true,""analyzed"":true}",cloudinary_production,28923,nlfSHwVNuSv5tLrRXAt5fg==,2022-07-19 20:25:09.892672
14,g2543yha1tf2optmc1g9g2fspa48,women.png,image/png,"{""identified"":true,""analyzed"":true}",cloudinary_production,28594,ddwr0tj6ikYbsy9tqf7UOA==,2022-07-19 20:25:32.005384
15,3nir7csw57nmgwg004u882n75mfs,fun.png,image/png,"{""identified"":true,""analyzed"":true}",cloudinary_production,26364,ol8al2+b1rIgCxJRsUdeAA==,2022-07-19 20:25:37.312271
16,33r7b3prvxq047lrmlvasy2znvvp,birds.png,image/png,"{""identified"":true,""analyzed"":true}",cloudinary_production,61386,DGDwwtSqv8XHzwZLNVet0Q==,2022-07-19 20:25:42.993943
17,d6o96m32ndtccw3oqj0n182z5qv2,men.png,image/png,"{""identified"":true,""analyzed"":true}",cloudinary_production,28303,BzdrP+/e11WB6UCxGmyRoQ==,2022-07-19 20:25:48.890066
18,7qcix3v3gmz5t0aejof5qoer7ege,market.png,image/png,"{""identified"":true,""analyzed"":true}",cloudinary_production,12350,eIXSODLaknNlwMy8z6TowA==,2022-07-19 20:26:05.265198
19,de2w5ncnvbqjns9hxdx92ngjba2d,doctors.png,image/png,"{""identified"":true,""analyzed"":true}",cloudinary_production,28640,PyVyfBlD9lCSWFFhJSHzaw==,2022-07-19 20:26:12.902509
20,txp5gguimpxkqdx22zr5ptkkoozn,restauraunt.png,image/png,"{""identified"":true,""analyzed"":true}",cloudinary_production,20590,VfpIquY9u9xS2ArwMwnGVg==,2022-07-19 20:26:21.2183
