id,description,user_id,status,created_at,updated_at
9,"ุจุณู ุงููู ุงูุฑุญูู ุงูุฑุญูู
ุฅูุง ููู ูุฅูุง ุฅููู ุฑุงุฌุนูู
ุชููู ุงูููู ุงูุฌูุนุฉ
ุงูููุงูู 28/1/2022
ุฅูู ุฑุญูุฉ ุงููู ุชุนุงูู
ุฌูุงู ูุคุงุฏ ุงูุจุฑุจุฑู
ุฃุฎู/ูุญููุฏ ูุคุงุฏ ุงูุจุฑุจุฑู
ูุงูููุงุฉ ูู ูุตุฑ
ููุญู ุงูุฃู ูู ุงูุฅูุชุธุงุฑ
ูุงูุตูุงุฉ ุนููู ูู ูุณุฌุฏ ุงูุฑุญูุฉ
ูุงูุจูุงุก ูุงูุฏูุงู ููู ูุดูุฑ ุงููู ุณุนููู ุฌููุนุงู",,1,2022-01-28 13:48:57.257788,2022-01-28 13:48:57.257788
1,ุนุงุฌู: ุชู ุงุถุงูุฉ ูุณู ุงูุงุฎุจุงุฑ ูู ุชุทุจูู ุฃุฌููุฑ ุงููุจุฑู,,1,2022-01-22 22:22:47.311951,2022-01-22 23:35:26.847602
2,"ุงูุฃุฑุตุงุฏ ุชุญุฐุฑ ูู ุทูุณ ุงูุฃุฑุจุนุงุก ุบุฏุง

-ุฃูุทุงุฑ ูุชูุงูุชุฉ ุงูุดุฏุฉ. 
-ุงูุฎูุงุถ ููุญูุธ ูู ุฏุฑุฌุงุช ุงูุญุฑุงุฑุฉ.
 -ูุดุงุท ููุฑูุงุญ. 
-ุงุถุทุฑุงุจ ูู ุญุฑูุฉ ุงูููุงุญุฉ ุงูุจุญุฑูุฉ.
",,1,2022-01-25 16:48:29.204452,2022-01-25 16:48:29.204452
3,"ูู ุตูุญุฉ ุงููุงุฆุจ ุงูุฏูุชูุฑ ูุตูู ุงูุนูููู:
ุชู ุฅุนุชูุงุฏ ูุจูู ุงูุนููุฏ ุฃุจูุนุฑุจ ุถูู ููุธููุฉ ุงูุชุฃููู ุงูุตุญู ุงูุดุงูู ุฃู ุถูู ุฎุทุฉ ุญูุงุฉ ูุฑููุฉ
ูุฐูู ูุฅูุงูุฉ ูุฑูุฒ ุทุจู ูููุฐุฌู ูุฌููุน ุงูุชุฎุตุตุงุช ุงูุทุจูุฉ
",,1,2022-01-25 20:58:10.996469,2022-01-25 20:58:10.996469
10,"ูู ุตูุญุฉ ุงููุงุฆุจ ุงูุฏูุชูุฑ ูุตูู ุงูุนูููู
ุฌุงุฑู ุงูุนูู ุนูู ููู ุงูุบุงุฒ ุงูุทุจูุนู ุจุงููุฑูุฉ ุจุงูุชุนุงูู ูุน ุดุฑูุฉ ุบุงุฒ ูุตุฑ",,1,2022-01-29 14:19:30.102861,2022-01-29 14:19:30.102861
4,"ุจุณู ุงููู ุงูุฑุญูู ุงูุฑุญูู
ุชูููุช ุงูููู ุงูุงุฑุจุนุงุก ุงูููุงูู 2022/2/26 ุงูู ุฑุญูุฉ ุงููู ุชุนุงูู
""ูุฏุงูู ุญุณููู ุงูุฌูุงู""
ุฒูุฌุฉ ุงูุญุงุฌ ูุญููุฏ ุนูู ุงูุฎููู 
ูุงูุฏุฉ ููุง ูู
 ูุญูุฏ ูุญููุฏ ุงูุฎููู 
ููุญููุฏ ูุญููุฏ ุงูุฎููู 
 ููุงุตุฑ ูุญููุฏ ุงูุฎููู 
ูุงุฎุช ุงูุนุฑุจู ุญุณูู ุงูุฌูุงู
ูุงูุฏููุฉ ูุณุงูุฉ ุงูุฌูุงุฒ
ูุงูุตูุงู ุนูููุง ูู ูุณุฌุฏ ุงูุฑุญูุฉ
ูุงูุจูุงุก ููู",,1,2022-01-26 10:01:50.192906,2022-01-26 10:06:25.113872
6,"ูููุง ุนู ุตูุญุฉ ุงููุงุฆุจ ุงูุฏูุชูุฑ ูุตูู ุงูุนูููู:
ุชู ุชุฑููุจ ูุงูููุฉ ุตุฑุงู ุขูู (ุจูู ูุตุฑ) ุจุงููุญุฏุฉ ุงููุญููุฉ ุจุงููุฑูุฉ 
ุณูุชู ุชูุนูููุง ูุชูููููุง ูู ุฎูุงู ุงุณุจูุน ุงู ุดุงุก ุงููู",,1,2022-01-26 21:57:37.655485,2022-01-26 21:58:57.338967
5,"ุฃูู ูุจุฑูู ููููุชุฎุจ ุงููุตุฑู ุนูู ุตุนูุฏู ููุฏูุฑ ุฑุจุน ุงูููุงุฆู ูู ููุงุฆูุงุช ูุฃุณ ุงูุฃูู ุงูุฅูุฑูููุฉ ุจููุฒู ุนูู ููุชุฎุจ ุณุงุญู ุงูุนุงุฌ ูู ุถุฑุจุงุช ุงูุชุฑุฌูุญ
5 ูุตุฑ 
ุณุงุญู ุงูุนุงุฌ 4 ",,1,2022-01-26 18:46:32.338302,2022-01-26 21:59:32.319581
7,"ุจุณู ุงููู ุงูุฑุญูู ุงูุฑุญูู
ุฅูุง ููู ูุฅูุง ุฅููู ุฑุงุฌุนูู
ุชูููุช ุงูููู ุงูุฌูุนุฉ
ุงูููุงูู 28/1/2022
ุฅูู ุฑุญูุฉ ุงููู ุชุนุงูู
ูุงูุฉ ูุฎุชุงุฑ ุงูุจูุง
ุฃุฎุช ููุง ูู:
ูุญูุฏ ูุฎุชุงุฑ ุงูุจูุง
ูุฃุญูุฏ ูุฎุชุงุฑ ุงูุจูุง
ูุจูุช ุฃุฎู ููุง ูู:
ุงููุฑุญูู ุงูุญุงุฌ /ูุฌุฏู ุงูุจูุง
ูุงููุฑุญูู ุงูุญุงุฌ/ุทุงูุฑ ุงูุจูุง
ูุงููุฑุญูู ุงูุญุงุฌ /ุนุจุฏุงูุฑุญูู ุงูุจูุง
ูุงูุญุงุฌ/ูุงุฑูู ุงูุจูุง
ุฎุงููุง ููุง ูู :
ุงูุฃุณุชุงุฐ/ูุญูุฏ ุนุจุฏุงูุนุฒูุฒ ุฎูู
ูุงูุฃุณุชุงุฐ/ูุจูู ุนุจุฏุงูุนุฒูุฒ ุฎูู 
ูุงูููุงุฉ ูู ุจููุง
ููุญู ุงูุฃู ูู ุงูุฅูุชุธุงุฑ
ูุงูุตูุงุฉ ุนูููุง ูู ูุณุฌุฏ ุงูุฑุญูุฉ
ูุงูุจูุงุก ูุงูุฏูุงู ููู ูุดูุฑ ุงููู ุณุนููู ุฌููุนุงู.",,1,2022-01-28 12:22:23.806886,2022-01-28 12:22:23.806886
11,ุงูู ูุจุฑูู ููููุชุฎุจ ุงููุตุฑู ุชุฃููู ุงูู ูุตู ุงูููุงุฆู ุนูู ุญุณุงุจ ุงููุบุฑุจ ุจูุชูุฌุฉ 2 - 1 ๐ช๐ฌโค๏ธ,,1,2022-01-30 17:38:39.221939,2022-01-30 17:38:39.221939
12,"ุจุณู ุงููู ุงูุฑุญูู ุงูุฑุญูู
ุชููู ุงูููู ุงูุงุซููู ุงูููุงูู 31/1/2022 ุงูู ุฑุญูุฉ ุงููู ุชุนุงูู
ุงูุญุงุฌ ุตุจุญู ุญุงูุฏ ุงูููุงุน 
ูุงูุฏููู ุจุนุฏ ุตูุงุฉ ุงูุนุดุงุก ูุจุงุดุฑุฉ
ูุงูุตูุงู ุนููู ูู ูุณุฌุฏ ุงูุฑุญูุฉ
ูุงูุจูุงุก ููู",,1,2022-01-31 13:45:09.763696,2022-01-31 14:33:59.35233
13,"ุจุณู ุงููู ุงูุฑุญูู ุงูุฑุญูู
ุฅูุง ููู ูุฅูุง ุฅููู ุฑุงุฌุนูู
ุชููู ุงูููู ุงูุฅุซููู
ุงูููุงูู 31/1/2022
ุฅูู ุฑุญูุฉ ุงููู ุชุนุงูู
ุนุจุฏุงูููุนู ุนุจุฏุงูุบูู ุฅุจุฑุงููู ุฑุดูุฏ
ุฃุฎู /ุนุจุฏุงูุฑุงูุน ุนุจุฏุงูุบูู ุฅุจุฑุงููู ุฑุดูุฏ
ูุฅุจู ุนู /ุฅุจุฑุงููู ุฑุดูุฏ
ูุฎุงู ููุง ูู:
ูุญุณู ูุญููุฏ ุฎูู
ููุญูุฏ ูุญููุฏ ุฎูู
ููุณูุจ ููุง ูู:
ุฑุฌุจ ุฒูุฑูุง ูุดุนู
ูุดุฑูู ุฒูุฑูุง ูุดุนู
ููุญูุฏ ุฒูุฑูุง ูุดุนู
ูููุงู ุฒูุฑูุง ูุดุนู
ูุฃุญูุฏ ุฒูุฑูุง ูุดุนู
ูุงูุฏููุฉ ุบุฏุงู ุงูุณุงุนุฉ ุงูุนุงุดุฑุฉ ุตุจุงุญุงู
ูุงูุตูุงุฉ ุนููู ูู ูุณุฌุฏ ุงูุฑุญูุฉ ุจุฌูุงุฑ ุงูููุงุจุฑ
ูุงูุจูุงุก ูุงูุฏูุงู ููู ูุดูุฑ ุงููู ุณุนููู ุฌููุนุงู.",,1,2022-01-31 22:46:42.758663,2022-01-31 22:46:42.758663
14,"ุจุณู ุงููู ุงูุฑุญูู ุงูุฑุญูู 
 ุฅูุง ููู ู ุฅูุง ุฅููู ุฑุงุฌุนูู 
 ุชูููุช ุฅูู ุฑุญูุฉ ุงููู ุชุนุงูู ุงูููู ุงูุซูุงุซุงุก ูขููขูข/ูข/ูก
 ูุงุทูู ูุญูุฏ ุงูุณูุฏ ุญูุงุฏุฉ 
ุงุฎุช ุงูุฃุณุชุงุฐ ุงุญูุฏ ูุญูุฏ ุงูุณูุฏ ุญูุงุฏุฉ
ุฒูุฌุฉ ุฅุณูุงู ุนุจุฏุงููุฌูุฏ ุฌุงุฏุงููู 
 ุฅุจูุฉ ุนู ููุง ูู
ุงูุณูุฏ ุนูู ุงูุณูุฏ ุญูุงุฏุฉ
ูุญููุฏ ุนูู ุงูุณูุฏ ุญูุงุฏู
ุญุงุฒู ุญูุงุฏุฉ ุงูุณูุฏ ุญูุงุฏุฉ 
ุตูุงุญ ูุญูุฏ ูุญูุฏ ุนูู ุญูุงุฏุฉ
ุนุจุฏุงูุฑุญูู ูุญูุฏ ูุญูุฏ ุนูู ุญูุงุฏุฉ 
ุนูุฑู ูุญูุฏ ูุญูุฏ ุญูุงุฏุฉ  
ุงูุฏููุฉ ุจุนุฏ ุตูุงุฉ ุงูุธูุฑ ูุจุงุดุฑุฉ ุจููุงุจุฑ
ุงุฌููุฑ ุงููุจุฑู
ูุงูุจูุงุก ููู",,1,2022-02-01 03:39:52.580286,2022-02-01 03:39:52.580286
15,"ุจุณู ุงููู ุงูุฑุญูู ุงูุฑุญูู
ุฅูุง ููู ูุฅูุง ุฅููู ุฑุงุฌุนูู
ุชููู ุงูููู ุงูุซูุงุซุงุก
ุงูููุงูู 1/2/2022
 ุฅูู ุฑุญูุฉ ุงููู ุชุนุงูู
ุงูุญุงุฌ/ุนุจุฏุงูุฑุญูู ุฃุญูุฏ ุงูุจูุด
ูุงูุฏ/ ุงูุณูุฏ ุนุจุฏุงูุฑุญูู ุงูุจูุด ูุฃุฎู ูู ูู
ุงููุฑุญูู/ุนุจุฏุงูุฌููู ุฃุญูุฏ ุงูุจูุด
ูุงููุฑุญูู/ุนุจุฏุงูุฑุฒุงู ุฃุญูุฏ ุงูุจูุด
ูุงูุฏููุฉ ูุงูุตูุงุฉ ุนููู ุจุนุฏุตูุงุฉุงูุนุตุฑ ุจุดุจุฑุง ุงูุฎููุฉ
ูุงูุจูุงุก ูุงูุฏูุงู ููู ูุดูุฑ ุงููู ุณุนููู ุฌููุนุงู.",,1,2022-02-01 13:45:07.343938,2022-02-01 13:45:07.343938
16,"ุจุณู ุงููู ุงูุฑุญูู ุงูุฑุญูู
ุชูููุช ุงูููู ุงูุงุฑุจุนุงุก ุงูููุงูู 2/2/2022 ุงูู ุฑุญูุฉ ุงููู ุชุนุงูู
ุงูุญุงุฌู ุฒููุจ ูุญูุฏ ุงููููู 
ุฒูุฌุฉ ุงููุฑุญูู ุงูุญุงุฌ ุงููู ูุญูุฏ ุงูุจูุด
ููุงูุฏุฉ ููุง ูู
ุงูุญุงุฌ ุณูุฏ ุงููู ุงูุจูุด 
ูุงููุฑุญูู ุญุณู ุงููู ุงูุจูุด 
ูุงุฎุช ุงููุฑุญูู ุงูุญุงุฌ ุนุจุฏุงูุญููุธ ุงููููู 
ุนูุฉ ููุง ูู
ุงูุงุณุชุงุฐ ูุญูุฏ ุนุจุฏุงูุญููุธ ุงููููู
ูุงูุงุณุชุงุฐ ุนุจุฏุงููุชุงุญ ุนุจุฏ ุงูุญููุธ ุงููููู
ูุงูุงุณุชุงุฐ ุดุฑูู ุนุจุฏ ุงูุญููุธ ุงููููู
ูุงุณุงูู ุนุจุฏ ุงูุญููุธ ุงููููู
ููุงุฌุฏ ุนุจุฏ ุงูุญููุธ ุงููููู
ูุฌุฏุฉ ููุง ูู
ูุญูุฏ ุณูุฏ ุงููู ุงูุจูุด
ูุงุณุงูู ุณูุฏ ุงููู ุงูุจูุด
ูุงุญูุฏ ุญุณู ุงูุจูุด 
ูุงูุฏููู ุจุนุฏ ุตูุงุฉ ุงูุนุตุฑ ูุจุงุดุฑู
ูุงูุตูุงู ุนูููุง ูู ูุณุฌุฏ ุงููููู 
ูุงูุจูุงุก ููู",,1,2022-02-02 08:53:32.715453,2022-02-02 08:53:32.715453
17,"ุจุณู ุงููู ุงูุฑุญูู ุงูุฑุญูู
ุฅูุง ููู ูุฅูุง ุฅููู ุฑุงุฌุนูู
ุชููู ุงูููู ุงูุฃุฑุจุนุงุก
ุงูููุงูู 2/2/2022
ุฅูู ุฑุญูุฉ ุงููู ุชุนุงูู
ุงูุญุงุฌ/ุณุงูู ุนุจุฏุงูุญููุฏ ุฃุจูุฒูุฏ
ุฃุฎู ุงูุดูุฎ/ ุฎุงูุฏ ุนุจุฏุงูุญููุฏ ุฃุจูุฒูุฏ
ุฎุงูุฉ ุงูุญุงุฌ/ุนุจุฏุงูุณุชุงุฑ ุณุงููุงู
ูุงูุจูุงุก ูุงูุฏูุงู ููู ูุดูุฑ ุงููู ุณุนููู ุฌููุนุงู.",,1,2022-02-02 11:04:02.070586,2022-02-02 11:04:02.070586
18,"ุจุณู ุงููู ุงูุฑุญูู ุงูุฑุญูู
ุชููุช ุงูู ุฑุญูุฉ ุงููู ุชุนุงูู ุงูููู ุงูุงุฑุจุนุงุก ูข ูุจุฑุงูุฑ
ุงูุญุงุฌู ูุชุญูู ุนุทูู ุงูุจูุด
ุฒูุฌุฉ ุงููุฑุญูู ุงูุญุงุฌ ููุฒู ุงูุจูุด
ูุงู ูู ูู 
ุงูุงุณุชุงุฐ ุงุญูุฏ ููุฒู ุงูุจูุด
ูุงูุงุณุชุงุฐ ุฎุงูุฏ ููุฒู ุงูุจูุด
ูุงูุงุณุชุงุฐ ูุญููุฏ ููุฒู ุงูุจูุด
ูุงูุงุณุชุงุฐ ูุญูุฏ ููุฒู ุงูุจูุด
ูุงูุฏููู ูุณุงูุฉ ุงูุฌูุงุฒ
ูุงูุตูุงู ุนูููุง ูู ูุณุฌุฏ ุงูุฑุญูู
ูุงูุจูุงุก ูุงูุฏูุงู ููู",,1,2022-02-02 16:27:35.319416,2022-02-02 16:27:35.319416
19,"ุจุณู ุงููู ุงูุฑุญูู ุงูุฑุญูู
ุฅูุง ููู ูุฅูุง ุฅููู ุฑุงุฌุนูู
ุชููู ุงูููู ุงูุฎููุณ
ุงูููุงูู 3/2/2022
ุฅุจุฑุงููู ุนุจุฏุงููุชุงุญ ุฑุดูุฏ
ูุงูุฏ ููุง ูู:
ุนุจุฏู ุฅุจุฑุงููู ุฑุดูุฏ
ููุญููุฏ ุฅุจุฑุงููู ุฑุดูุฏ
ุฅุจู ุนู ููุง ูู :
ุงููุฑุญูู/ุนุจุฏุงูููุนู ุฑุดูุฏ
            ูุนุจุฏุงูุฑุงูุน ุฑุดูุฏ
ูุงูุจูุงุก ูุงูุฏูุงู ููู ูุดูุฑ ุงููู ุณุนููู ุฌููุนุงู.
ุณุจุญุงู ูู ูู ุงูุฏูุงู
ุงูููู ุฃุฑุจุท ุนูู ููุจ ุฒููู ุจุงูุตุจุฑ ูุงูุณููุงู",,1,2022-02-02 22:58:06.129683,2022-02-02 22:58:06.129683
20,"ุจุณู ุงููู ุงูุฑุญูู ุงูุฑุญูู
ุฅูุง ููู ูุฅูุง ุฅููู ุฑุงุฌุนูู
ุชููู ุงูููู ุงูุฎููุณ
ุงูููุงูู 3/2/2022
 ุฅูู ุฑุญูุฉ ุงููู ุชุนุงูู
ุงูุฃุณุชุงุฐ/ูุญูุฏ ููุณู ูุตุทูู ุงูุนุฏุณ
ูุงูุฏ ูู ูู :
ูุญูุฏ ูุญูุฏ ููุณู ุงูุนุฏุณ
ูุนูุฑู ูุญูุฏ ููุณู ุงูุนุฏุณ
ููุดุงู ูุญูุฏ ููุณู ุงูุนุฏุณ
ูุฃุฎู ูู ูู :
ุงููุฑุญูู/ ุนุจุฏุงููุฌูุฏ ููุณู ูุตุทูู ุงูุนุฏุณ
ูุงูุญุงุฌ / ุฌูุงู ููุณู ูุตุทูู ุงูุนุฏุณ
ุงูููุงู ู ูุตุฑ ููุญู ุงูุขู ูู ุงูุฅูุชุธุงุฑ
ูุงูุจูุงุก ูุงูุฏูุงู ููู ูุดูุฑ ุงููู ุณุนููู ุฌููุนุงู.",,1,2022-02-03 08:53:31.621628,2022-02-03 08:53:31.621628
21,"ุจุณู ุงููู ุงูุฑุญูู ุงูุฑุญูู 
 ุฅูุง ููู ู ุงูุง ุงููู ุฑุงุฌุนูู 
 ุชููู ุฅูู ุฑุญูุฉ ุงููู ุชุนุงูู ุงูููู ุงูุฎููุณ ูขููขูข/ูข/ูฃ
 ุฅููุงุจ ุณุงูู ุงูุตุฑุงูู 
ุงุจู ุงูุงุณุชุงุฐ  ุณุงูู ุงูุตุฑุงูู
ุงุจู ุงุฎู ููุง ูู 
ุงูุฏูุชูุฑ  ุดุงูุฑ ุงูุตุฑุงูู
ุงูุงุณุชุงุฐ  ูุญูุฏ ุงูุตุฑุงูู
ุฌุฏู ( ูุงูุฏ ูุงูุฏุชู ) ุงูุนููุฏ  ุนุทูุฉ ุงูุณุนุฏุงูู
ุงูููุงู ูู ูุตุฑ
ูุญู ุงูุฃู ูู ุงูุงูุชุธุงุฑ
ูุงูุจูุงุก ููู",,1,2022-02-03 11:21:52.311162,2022-02-03 11:21:52.311162
22,"ุจุณู ุงููู ุงูุฑุญูู ุงูุฑุญูู 
ุฅูุง ููู ู ุงูุง ุงููู ุฑุงุฌุนูู 
 ุชูููุช ุฅูู ุฑุญูุฉ ุงููู ุชุนุงูู ุงูููู ุงูุฎููุณ ุงูููุงูู ูขูขููข/ูข/ูฃ
 ุงูุญุงุฌู ุณูุงู ุนุจุฏุงูููุนู ุงูุฎุฑุจุทููู 
 ุฒูุฌุฉ ุงููุฑุญูู ุงูุงุณุชุงุฐ ุงูุฏูุชูุฑ ูุญูุฏ ุทูุนุช ุนุจุฏุงูุนุฒูุฒ   
ูุงูุฏุฉ ุงูุฃุณุชุงุฐ ุงูุฏูุชูุฑ ุฃุญูุฏ ุทูุนุช ุนุจุฏุงูุนุฒูุฒ  
ุฒูุฌุฉ ุฎุงู ููุง ูู
ุงููููุฏุณ ุณุนูุฏ ุญุฌุงุฒู  
ุงูุนููุฏ ุนุฒูู ุญุฌุงุฒู 
ุงููููุฏุณ  ูุฌุฏู ุนูุณู 
ุฒูุฌุฉ ุฌุฏ ุงูุฃุณุชุงุฐ  ุตูุงุญ ุงุญูุฏ ุงูุจุฏุฑู ุนูุณู  
ุงูุฏููุฉ ุบุฏุง ุงูุฌูุนุฉ
ุงูุตูุงุฉ ุนูููุง ูู ูุณุฌุฏ ุงูุฑุญูุฉ ุจุฌูุงุฑุงูููุงุจุฑ 
ูุงูุจูุงุก ููู",,1,2022-02-03 14:26:11.000873,2022-02-03 14:26:11.000873
23,ุงูู ูุจุฑูู ููููุชุฎุจ ุงููุตุฑู ุชุฃููู ุงูู ุงูููุงุฆู ุนูู ุญุณุงุจ ุงููุงููุฑูู ุจุถุฑุจุงุช ุงูุชุฑุฌูุญ ๐ช๐ฌโค๏ธ,,1,2022-02-03 21:59:00.942887,2022-02-03 21:59:00.942887
24,"ุจุณู ุงููู ุงูุฑุญูู ุงูุฑุญูู 
ุฅูุง ููู ู ุงูุง ุฅููู ุฑุงุฌุนูู 
ุชูููุช ุฅูู ุฑุญูุฉ ุงููู ุชุนุงูู ุงูููู ุงูุฌูุนุฉ ุงูููุงูู ูขููขูข/ูข/ูค
  ุงูุญุงุฌุฉ ููุฒูุฉ ุนูู ุญุฌุงุฒู    
ูุงูุฏุฉ ููุง ูู
ุงููุฑุญูู ุงูุงุณุชุงุฐ  ุนูุงุฏ ุณูููุงู ุงูุจูุด
ุงูุงุณุชุงุฐ  ุฃุญูุฏ ุณูููุงู ุงูุจูุด
ุฎุงูุฉ ููุง ูู
ุงูุญุงุฌ  ูุญูุฏ ุฅุจุฑุงููู ุฏุฑููู
ุงูุญุงุฌ  ูุญููุฏ ุฅุจุฑุงููู ุฏุฑููู
ุงูุฃุณุชุงุฐ  ุฃุญูุฏ ุฅุจุฑุงููู ุฏุฑููู
ุงููุฑุญูู ุงูุญุงุฌ  ุฅุจุฑุงููู ุฅุจุฑุงููู ุฏุฑููู
ุงูุญุงุฌ  ุณุนูุฏ ุฅุจุฑุงููู ุฏุฑููู
ุงูุญุงุฌ  ุนุงุฏู ุนููุณ 
ุงูููุงุก ุฃุญูุฏ ุญุฌุงุฒู 
ุฌุฏุฉ ุงูุงุณุชุงุฐ ูุญูุฏ ุนูุงุฏ ุงูุจูุด
ูุงูุฏููู ุจุนุฏ ุตูุงุฉ ุงูุฌูุนุฉ ูุจุงุดุฑุฉ 
ูุงูุตูุงู ุนูููุง ูู ูุณุฌุฏ ุงุจู ุฏุดูุด
ูุงูุจูุงุก ููู",,1,2022-02-04 07:06:27.426883,2022-02-04 07:06:27.426883
25,"ุจุณู ุงููู ุงูุฑุญูู ุงูุฑุญูู
ุชูููุช ุงูููู ุงูุฌูุนู ุงูููุงูู 4/2/2022ุงูู ุฑุญูุฉ ุงููู ุชุนุงูู
ุงูุญุงุฌู ุงูุณูุฏู ุงุจุฑุงููู ุฏููุฏุงุฑ
ุฒูุฌุฉ ุงููุฑุญูู ุงูุญุงุฌ ูุญูุฏ ูุญููุฏ ุฏููุฏุงุฑ
ููุงูุฏุฉ ุฎุงูุฏ ูุญูุฏ ูุญููุฏ ุฏููุฏุงุฑ
ูุฒูุฌุฉ ุนู ุงูุดูุฎ ูุญููุฏ ุงุญูุฏ ุฏููุฏุงุฑ
ูุญูุงุช ุงูุดูุฎ ูุฌู  ูุญูุฏ ุนุจุฏุงูุจุงูู ุดุฑู
ูุงูููุงู ูู ูุตุฑ
ููุญู ุงูุขู ูู ุงูุงูุชุธุงุฑ
ูุงูุตูุงู ุนูููุง ูู ูุณุฌุฏ ุงูุฑุญูุฉ ุจุฌูุงุฑ ุงูููุงุจุฑ
ูุงูุจูุงุก ููู",,1,2022-02-04 07:20:44.868205,2022-02-04 07:20:44.868205
26,"ุจุณู ุงููู ุงูุฑุญูู ุงูุฑุญูู
ุชููู ุงูููู ุงูุฌูุนู ุงูููุงูู 4/2/2022ุงูู ุฑุญูุฉ ุงููู ุชุนุงูู
ุงูุญุงุฌ ูุญููุฏ ูุญููุฏ ุงุญูุฏ ุงูุทูุทุงูู 
ูุงูุฏ ุงูุงุณุชุงุฐ ูุดุงู ูุญููุฏ ุงูุทูุทุงูู 
ูุงุฎู ููุง ูู
ุงููุฑุญูู ูุชุญู ูุญููุฏ ุงูุทูุทุงูู
ูุงููุฑุญูู ูููู ูุญููุฏ ุงูุทูุทุงูู
ูุงุจู ุนู ููุง ูู
ุงููุฑุญูู ูุงุณูู ูุญูุฏ ุงูุทูุทุงูู
ูุงููุฑุญูู ูุงุฌุฏ ูุญูุฏ ุงูุทูุทุงูู
ูุงูุงุณุชุงุฐ ุณููุฑ ูุญูุฏ ุงูุทูุทุงูู
ูุงููุฑุญูู ุนูุงุฏ ูุญูุฏ ุงูุทูุทุงูู
ูุงูููุงู ูู ูุตุฑ
ููุญู ุงูุขู ูู ุงูุงูุชุธุงุฑ
ูุงูุฏููุฉ ูุณุงูุฉ ุงูุฌูุงุฒ
ูุงูุตูุงู ุนููู ูู ูุณุฌุฏ ุงูุฑุญูุฉ ุจุฌูุงุฑ ุงูููุงุจุฑ
ูุงูุจูุงุก ููู",,1,2022-02-04 12:40:15.072724,2022-02-04 12:40:15.072724
27,"ุจุณู ุงููู ุงูุฑุญูู ุงูุฑุญูู
ุฅูุง ููู ูุฅูุง ุฅููู ุฑุงุฌุนูู
ุชูููุช ุงูููู ุงูุฃุญุฏ
ุงูููุงูู 6/2/2022
ุฅูู ุฑุญูุฉ ุงููู ุชุนุงูู
ุงูุทููุฉ
ุญุฏูุซ ุงูููุงุฏู
 ูุฏู ุงุญูุฏ ูุงูุฒ ุงูุณุนุฏุงูู 
 ุจูุช  ุฃุญูุฏ ูุงูุฒ ุงูุณุนุฏุงูู
ุจูุช ุฃุฎู ููุง ูู:
ุนุงุทู ูุงูุฒ ุงูุณุนุฏุงูู
ูุนูู ูุงูุฒ ุงูุณุนุฏุงูู
ูุฎููู ูุงูุฒ ุงูุณุนุฏุงูู
ุจูุช ุงุฎุช ููุง ูู
ุนุจุฏุงูุฑุญูู ุงูุนุงุทูู 
ูุงุญูุฏ ุงูุนุงุทูู
ูุงูููุงู ูู ุจููุง 
ูุงูุฏููุฉ ูุณุงูุฉ ุงูุฌูุงุฒ
ูุงูุตูุงุฉ ุนูููุง ูู ูุณุฌุฏ ุงูุฑุญูุฉ
ูุงูุจูุงุก  ููู 
ูุดูุฑ ุงููู ุณุนููู ุฌููุนุงู.
ุงูููู ุฃุฎูู ุนูู ูุงูุฏููุง ุฎูุฑ ูููุง  ูุง ุฑุจ ุงูุตุจุฑ ุนูู ูุฑุงููุง.",,1,2022-02-06 08:47:31.696714,2022-02-06 08:47:31.696714
167,"ูู ุญุฑูู ูููุจู ุฌุงูุจู ุชุนุงู ุฏูุณ x ุงูุช ูุญุจุงูุจู
 ุงุฌูู ูุงููุฉ ูู ุฃุฌููุฑ ุงููุจุฑู โค๏ธ

Doos X - ุฏููุณ ุฅูุณ 
 ุทุฑูู ุงูุณุจูู - ุงูุงู ุตูุฏููู ุงูุฏูุชูุฑ ูุญูุฏ ุนูู ุนุงูุฑ 
 ูุงููุฉ ูุจูุงูุณูุดู - ุฎุฏูุฉ 24 ุณุงุนุฉ - ุงูููุงู ูููู 
 01284588100 ",11,1,2022-05-14 18:43:06.621845,2022-05-14 18:43:06.621845
28,"ุจุณู ุงููู ุงูุฑุญูู ุงูุฑุญูู
ุฅูุง ููู ูุฅูุง ุฅููู ุฑุงุฌุนูู
ุชูููุช ุงูููู ุงูุฃุญุฏ
ุงูููุงูู 6/2/2022
ุฅูู ุฑุญูุฉ ุงููู ุชุนุงูู
ุงูุญุงุฌุฉ/ูุชุญูู ุณุนุฏุงูุฏูู ุฃุญูุฏ ุตูุฑ
ุฒูุฌุฉ ุงููุฑุญูู ุงูุญุงุฌ/ุนููุฑ ุตููุฑ
ูุงูุฏุฉ ููุง ูู:
ุงูุฃุณุชุงุฐ/ุฃููุฑ ุนููุฑ ุตููุฑ
ูุงูุฃุณุชุงุฐ/ูุฌุงุญ ุนููุฑ ุตูุฑ
ูุฃุฎุช ุงูุญุงุฌ/ุฏุฑููุด ุณุนุฏุงูุฏูู ุตูุฑ
ูุงูุฏููุฉ ุจุนุฏ ุตูุงุฉ ุงูุธูุฑ
ูุงูุตูุงุฉ ุนูููุง ูู ูุณุฌุฏ ุงูุฑุญูุฉ
ูุงูุจูุงุก ูุงูุฏูุงู ููู ูุดูุฑ ุงููู ุณุนููู ุฌููุนุงู.",,1,2022-02-06 08:53:05.962681,2022-02-06 08:53:05.962681
29,"ุจุณู ุงููู ุงูุฑุญูู ุงูุฑุญูู
ุฅูุง ููู ูุฅูุง ุฅููู ุฑุงุฌุนูู
ุชููู ุงูููู ุงูุฅุซููู
ุงูููุงูู 7/2/2022
ุฅูู ุฑุญูุฉ ุงููู ุชุนุงูู
ุงูุญุงุฌ/ูุญููุฏ ุนุจุฏุงูุจุงูู ุนูุณู
ุฃุฎู ููุง ูู:
ุงููุฑุญูู/ูุญูุฏ ุนุจุฏุงูุจุงูู ุนูุณู
ูุงููุฑุญูู/ุงูุณูุฏ ุนุจุฏุงูุจุงูู ุนูุณู
ูุงููุฑุญูู/ุนุจุฏุงููุทูู ุนุจุฏุงูุจุงูู ุนูุณู
ููุงูุฏ ููุง ูู :
ุญูุฏู ูุญููุฏ ุนุจุฏุงูุจุงูู ุนูุณู
ููุญูุฏ ูุญููุฏ ุนุจุฏุงูุจุงูู ุนูุณู
ูุตุงุจุฑ ูุญููุฏ ุนุจุฏุงูุจุงูู ุนูุณู
ูุนุงุทู ูุญููุฏ ุนุจุฏุงูุจุงูู ุนูุณู
ูุนู ููุง ูู:
ุณุนูุฏ ูุญูุฏ ุนูุณู
ูุนุจุฏุงูุจุงูู ุนูุณู
ูุฃุญูุฏ ุนุจุฏุงููุทูู ุนูุณู
ูุงูููุงุฉ ูู ูุตุฑ
ูุงูุตูุงุฉ ุนููู ูู ูุณุฌุฏ ุงูุฑุญูุฉ
ูุงูุจูุงุก ูุงูุฏูุงู ููู ูุดูุฑ ุงููู ุณุนููู ุฌููุนุงู.",,1,2022-02-07 09:17:21.31234,2022-02-07 09:17:21.31234
30,"ุจุณู ุงููู ุงูุฑุญูู ุงูุฑุญูู
ุชูููุช ุงูููู ุงูุงุซููู ุงูููุงูู 7/2/2022ุงูู ุฑุญูุฉ ุงููู ุชุนุงูู
ุงูุญุงุฌู ูุฑููู ุนูุงุฏ ุฒูุทู
ุฒูุฌุฉ ุงููุฑุญูู ุงุณูุงุนูู ุงุจูููุฑู 
ูุงุฎุช ููุง ูู
ุณุงูู ุฒูุทู 
ููุงุตุฑ ุฒูุทู 
ูุงูุฏููุฉ ุจุนุฏ ุตูุงุฉ ุงูุธูุฑ ูุจุงุดุฑุฉ
ูุงูุตูุงู ุนูููุง ูู ูุณุฌุฏ ุงูุฑุญูุฉ
ูุงูุจูุงุก ููู",,1,2022-02-07 10:14:22.524104,2022-02-07 10:14:22.524104
31,"ุจุณู ุงููู ุงูุฑุญูู ุงูุฑุญูู
ุชููู ุงูููู ุงูุฎููุณ ุงูููุงูู 10/2/2022ุงูู ุฑุญูุฉ ุงููู ุชุนุงูู
ุงูุญุงุฌ ูุงุณูู ุงูุณูุฏ ุนูุฑ
ุงุฎู ููุง ูู
ุงูุญุงุฌ ุงุจุฑุงููู ุงูุณูุฏ ุนูุฑ
ูุงูุญุงุฌ ุนุจุฏุงููุทูู ุงูุณูุฏ ุนูุฑ
ูุงูุญุงุฌ ูุญูุฏ ุงูุณูุฏ ุนูุฑ 
ููุงูุฏ ููุง ูู
ุงูุณูุฏ ูุงุณูู ุนูุฑ 
 (ุจุชุงุน ุงููุงูุชุด)
ููุงุณูู ูุงุณูู ุนูุฑ
(ุจุชุงุน ุงููุงูุชุด)
ููุญูุฏ ูุงุณูู ุนูุฑ
(ุจุชุงุน ุงููุงูุชุด)
ูุนู ููุง ูู
ุณูุงุญู ุนูุฑ
ูุตุจุฑู ุนูุฑ
ูุงูุฏููุฉ ุจุนุฏ ุตูุงุฉ ุงูุธูุฑ ูุจุงุดุฑุฉ
ูุงูุตูุงู ุนููู ูู ูุณุฌุฏ ุงูุฑุญูุฉ ุจุฌูุงุฑ ุงูููุงุจุฑ
ูุงูุนุฒุงุก ุจุฌูุงุฑ ุจูุฒููุฉ ุจุฑุดูู 
ูุงูุจูุงุก ููู",,1,2022-02-10 06:24:40.871373,2022-02-10 06:24:40.871373
32,"ุจุณู ุงููู ุงูุฑุญูู ุงูุฑุญูู
ุฅูุง ููู ูุฅูุง ุฅููู ุฑุงุฌุนูู
ุชูููุช ุงูููู ุงูุฎููุณ
ุงูููุงูู10/2/2022
ุฅูู ุฑุญูุฉ ุงููู ุชุนุงูู
ุจูุงุญูุฉ ูููุจุชูู
ุงูุญุงุฌุฉ/ูููู ุนุจุฏุงููุชุงุญ ุงูุจูุด 
ุฒูุฌุฉ ุงูุญุงุฌ/ุตูุงุญ ูุญูุฏ ุณุงูู ุงูุฏูุจ
ูุงูุฏุฉ ุงููููุฏุณ/ ุฃุดุฑู ุตูุงุญ ูุญูุฏ ุงูุฏูุจ
ูุฃุฎุช ููุง ูู:
ุงูุฃุณุชุงุฐ/ุณุงูู ุนุจุฏุงููุชุงุญ ุงูุจูุด 
ูุงูุฃุณุชุงุฐ/ูุงูุฑ ุนุจุฏุงููุชุงุญ ุงูุจูุด
ูุงูุฃุณุชุงุฐ/ูุฌุฏู ุนุจุฏุงููุชุงุญ ุงูุจูุด
ูุงูุฃุณุชุงุฐ / ุฌูุงู ุนุจุฏุงููุชุงุญ ุงูุจูุด
ูุงูุฏููุฉ ุจุนุฏ ุตูุงุฉ ุงูุธูุฑ 
ูุงูุตูุงุฉ ุนูููุง ุจูุณุฌุฏ ุณูุฏู ุนุงุจุฏูู ุจูููุจุชูู
ูุงูุจูุงุก ูุงูุฏูุงู ููู ูุดูุฑ ุงููู ุณุนููู ุฌููุนุงู.",,1,2022-02-10 08:21:00.51891,2022-02-10 08:21:00.51891
33,"ุจุณู ุงููู ุงูุฑุญูู ุงูุฑุญูู 
 ุฅูุง ููู ู ุงูุง ุงููู ุฑุงุฌุนูู 
 ุชูููุช ุฅูู ุฑุญูุฉ ุงููู ุชุนุงูู ุงูููู ุงูุฌูุนุฉ ุงูููุงูู ูขูขููข/ูข/ูกูก
ุงูุญุงุฌู ูุฑููู ูุงุณูู ุนูู ุงูุฑุฎ 
ุฒูุฌุฉ ุงููุฑุญูู ุงูุญุงุฌ  ุฃุญูุฏ ุฃุจูุญูุงุฏ
ุฃุฎุช ููุง ูู
ุงููุฑุญูู 
ุงูุงุณุชุงุฐ  ูุณุนุฏ ูุงุณูู ุงูุฑุฎ
ุงูุงุณุชุงุฐ.   ุทุงุฑู ูุงุณูู ุงูุฑุฎ
ุฒูุฌุฉ ุฃุจ ููุง ูู
ุงูุญุงุฌ ุงูุจุทู ุงุญูุฏ ุฃุจูุญูุงุฏ
ุงูุญุงุฌ  ุณูุฏ ุฃุญูุฏ ุฃุจูุญูุงุฏ
ุนูุฉ ููุง ูู
ุงูุงุณุชุงุฐ  ููุงู ูุณุนุฏ ุงูุฑุฎ
ุงูุงุณุชุงุฐ  ุนูู ูุณุนุฏ ุงูุฑุฎ
ุงูุงุณุชุงุฐ  ูุงุณูู ูุณุนุฏ ุงูุฑุฎ
ุงูุงุณุชุงุฐ  ูุญูุฏ ุทุงุฑู ุงูุฑุฎ  
ูุงูุจูุงุก ููู",,1,2022-02-11 17:42:14.922163,2022-02-11 17:42:14.922163
34,"ุจุณู ุงูุฑุญูู ุงูุฑุญูู 
 ุฅูุง ููู ู ุฅูุง ุฅููู ุฑุงุฌุนูู 
 ุชููู ุฅูู ุฑุญูุฉ ุงููู ุชุนุงูู ุงูููู ุงูุณุจุช ุงูููุงูู ูขููขูข/ูข/ูกูข 
 ุงูุญุงุฌ ูุฌุฏู ุงูุณูุฏ ุญุณู ุงูุตุนูุฏู 
ูุงูุฏ ููุง ูู
ุงููููุฏุณ ูุญูุฏ ูุฌุฏู ุงูุตุนูุฏู 
ุงูุฏูุชูุฑ  ุณูุฏ ูุฌุฏู ุงูุตุนูุฏู 
ุงุญูุฏ ูุฌุฏู ุงูุตุนูุฏู
 ุงุฎู ููุง ูู 
ุงูุญุงุฌ ูุชุญู ุงูุตุนูุฏู 
ุงูุญุงุฌ ุญููู ุงูุตุนูุฏู 
ุงูุญุงุฌ ุญูุฏู ุงูุตุนูุฏู
ุงุฎู ุฒูุฌุฉ ููุง ูู
ุงูุดูุฎ ูุญูุฏ ุจูุฑู 
ุงูุงุณุชุงุฐ  ุนุจุฏุงููุทูู ุญุณููู ุงูุณูุฏ ุนุจุฏุงููุงุฏู 
ุงููุฑุญูู  ุงุญูุฏ ุญุณููู
 ุฎุงู ููุง ูู 
ุฎุงูุฏ ุจูุฑู 
ุงูุงุณุชุงุฐ ูุงุฌุฏ ุจูุฑู 
ุงุญูุฏ ุจูุฑู 
ูุดุงู ุญุณููู 
ุงุดุฑู ุญุณููู 
ุนูุงุฏ ุญุณููู 
ุชุงูุฑ ุนุจุฏุงููุงุฏู 
ุนูุงุก ุนุจุฏุงููุงุฏู 
ุณุงูุญ ุนุจุฏุงููุงุฏู 
ุถูุงุก ุนุจุฏุงููุงุฏู
ุงูุฏููุฉ ุจุนุฏ ุตูุงุฉ ุงูุนุตุฑ ูุจุงุดุฑุฉ 
ุงูุตูุงู ุนููู ูู ูุณุฌุฏ ุนุฒุจุฉ ุงูุฏููุงู
ูุงูุจูุงุก ููู",,1,2022-02-12 08:50:45.502446,2022-02-12 08:50:45.502446
35,"ุจุณู ุงููู ุงูุฑุญูู ุงูุฑุญูู
ุฅูุง ููู ูุฅูุง ุฅููู ุฑุงุฌุนูู
ุชููู ุงูููู ุงูุฃุญุฏ
ุงูููุงูู13/2/2022
ุฅูู ุฑุญูุฉ ุงููู ุชุนุงูู
ุงูุญุงุฌ/ุฃุญูุฏุนุจุฏุงูุฑุญูู ุงูููุฏู
ูุงูุฏ/ูุญูุฏ ุฃุญูุฏ ุนุจุฏุงูุฑุญูู ุงูููุฏู
ูุฃุฎู ููุง ูู:
ุนุทูู ุนุจุฏุงูุฑุญูู ุงูููุฏู
ูุนุจุฏุงููู ุนุจุฏุงูุฑุญูู ุงูููุฏู
ูุนุจุฏุงูุณููุน ุนุจุฏุงูุฑุญูู ุงูููุฏู
ูุงูุฏููุฉ ุจุนุฏ ุตูุงุฉ ุงูุธูุฑ
ูุงูุตูุงุฉ ุนููู ูู ูุณุฌุฏ ุงููุนูุฏ ุงูุฏููู
ูุงูุจูุงุก ูุงูุฏูุงู ููู ูุดูุฑ ุงููู ุณุนููู ุฌููุนุงู.",,1,2022-02-13 03:00:14.386269,2022-02-13 03:00:14.386269
36,"ุจุณู ุงููู ุงูุฑุญูู ุงูุฑุญูู
ุฅูุง ููู ูุฅูุง ุฅููู ุฑุงุฌุนูู
ุชูููุช ุงูููู ุงูุฃุญุฏ
ุงูููุงูู 3/2/2022
ุฅูู ุฑุญูุฉ ุงููู ุชุนุงูู
ุงูุญุงุฌุฉ/ ูุจููุฉ ุนูู ุนุงูุฑ
ุฒูุฌุฉ ุงููุฑุญูู ุงูุญุงุฌ/ุตุจุญู ุณูุฏุฃุญูุฏุงูุฒูุงุช
ูุงูุฏุฉ ุงูุฃุณุชุงุฐ/ุฑุถุง ุตุจุญู ุงูุฒูุงุช
ุฃุฎุช ููุง ูู: :
ุงูุญุงุฌ/ุนุจุฏุงููุทูู ุนุงูุฑ
ูุงูุญุงุฌ/ุนุจุงุณ ุนุงูุฑ
ูุงูุญุงุฌ/ุตุจุญู ุนุงูุฑ
ูุนูุช ููุง ูู:
ุงููุฑุญูู ุงูุฃุณุชุงุฐ/ุณุนูุฏ ุนุงูุฑ
ูุงูุฃุณุชุงุฐ/ูุญูุฏ ุนุจุฏุงููุทูู ุนุงูุฑ
ูุงูุฃุณุชุงุฐ/ุนุจุฏุงูุญููู ุนุงูุฑ
ูุงูุญุงุฌ/ููุงู ุนุงูุฑ
ูุงูุญุงุฌ/ุณููุฑ ุนุงูุฑ
ูุงูุฃุณุชุงุฐ/ูุญูุฏ ุนุงูุฑ
ูุญูุงู ููุง ูู:
ุงูุฃุณุชุงุฐ/ุญุณู ุงูุจุฑุจุฑู
ูุงูุญุงุฌ/ุฒูุฑูุง ุงูุณูุณู
ูุงูุญุงุฌ/ูุญูุฏ ุฃุจูุญุดูุด
ูุงูุฏููุฉ ุบุฏุงู ุงูุณุงุนุฉ ุงูุนุงุดุฑุฉ ุตุจุงุญุงู
ูุงูุตูุงุฉ ุนูููุง ูู ุงูุฌุงูุน ุงููุจูุฑ
ูุดุฑุจ ุงููููุฉ ูู ูุถููุฉ ุฏุฑุจ ุงูููุฏู
ูุงูุจูุงุก ูุงูุฏูุงู ููู ูุดูุฑ ุงููู ุณุนููู ุฌููุนุงู.",,1,2022-02-13 16:56:10.256825,2022-02-13 16:56:10.256825
37,"ุจุณู ุงููู ุงูุฑุญูู ุงูุฑุญูู
ุฅูุง ููู ูุฅูุง ุฅููู ุฑุงุฌุนูู
ุชูููุช ุงูููู ุงูุฅุซููู
ุงูููุงูู 14/2/2022
ุฅูู ุฑุญูุฉ ุงููู ุชุนุงูู
ุงูุญุงุฌุฉ/ ูุชุญูู ุงูุณูุฏ ุจูููู ุจุฏูู
ุฃุฎุช ุงููุฑุญูู ุงูุญุงุฌ/ุฌูุงู ุงูุณูุฏ ุจุฏูู
ูุนูุช ููุง ูู:
ูุณุนุฏ ุฌูุงู ุจุฏูู
ูุงูุณูุฏ ุฌูุงู ุจุฏูู 
ูุฃุญูุฏ ุฌูุงู ุจุฏูู
ูุงูููุงุฉ ูู ูุตุฑ
ูุงูุฏููุฉ ูู ูุฏููุฉ ุงูุนุจูุฑ
ูุงูุจูุงุก ูุงูุฏูุงู ููู ูุดูุฑ ุงููู ุณุนููู ุฌููุนุงู.",,1,2022-02-14 12:34:31.107285,2022-02-14 12:34:31.107285
38,"ุจุณู ุงููู ุงูุฑุญูู ุงูุฑุญูู 
 ุฅูุง ููู ู ุฅูุง ุฅููู ุฑุงุฌุนูู 
 ุชูููุช ุฅูู ุฑุญูุฉ ุงููู ุชุนุงูู ุงูููู ุงูุซูุงุซุงุก ุงูููุงูู ูขููขูข/ูข/ูกูฅ
 ุงูุญุงุฌู ุนูุดุฉ ุญุณููู ุฃุจูุงููุตุฑ 
ุนูุฉ ููุง ูู
ุงูุญุงุฌ  ูุญูุฏ ุนูุจุฉ ุงุจูุงููุตุฑ
ุงููุฑุญูู ุงูุญุงุฌ  ุทู ุนูุจุฉ ุฃุจูุงููุตุฑ
ุงููุฑุญูู ุงูุญุงุฌ  ุนูุจุฉ ุนูุจุฉ ุฃุจูุงููุตุฑ
ุงูุญุงุฌ  ุฎุงูุฏ ุนูุจุฉ ุฃุจูุงููุตุฑ
ุงูููุงู ูู ูุตุฑ 
ุงูุงูุชุธุงุฑ ุจูุถููุฉ ุฏุฑุจ ุงูููุฏู ุจุนุฏ ุงููุบุฑุจ ูุจุงุดุฑุฉ
ุงูุฏููุฉ ูุณุงูุฉ ุงูุฌูุงุฒ
ุงูุตูุงู ุนูููุง ูู ุงูุฌุงูุน ุงููุจูุฑ 
ูุงูุจูุงุก ููู",,1,2022-02-15 16:06:55.476907,2022-02-15 16:06:55.476907
39,"ุจุณู ุงููู ุงูุฑุญูู ุงูุฑุญูู
ุฅูุง ููู ูุฅูุง ุฅููู ุฑุงุฌุนูู
ุชูููุช ุงูููู ุงูุฃุญุฏ
ุงูููุงูู20/2/2022
ุฅูู ุฑุญูุฉ ุงููู ุชุนุงูู
ุงูุญุงุฌุฉ/ูุงุทูุฉ ูุตุทูู ุฃุจู ุงูููู
ุฒูุฌุฉ ุงููุฑุญูู ุงูุฃุณุชุงุฐ/ุฌุงุฏ ุฃุญูุฏ ุงูุจูุงููุณู
ููุงูุฏุฉ ููุง ูู :
ุงููุฑุญูู/ูุญูุฏ ุฌุงุฏ ุงูุจูุงููุณู
ูุงูุฏูุชูุฑ/ูุงุตุฑ ุฌุงุฏ ุงูุจูุงููุณู
ูุงูุฏูุชูุฑ/ุนุจุฏุงูุฑุญูู ุฌุงุฏ ุงูุจูุงููุณู
ูุญูุงู ุงูุฃุณุชุงุฐ/ุงูุณูุฏ ูุญูุฏ ุงูุจูุงููุณู
ูุฒูุฌุฉ ุนู ููุง ูู:
ุงูุฃุณุชุงุฐ/ ุฃุญูุฏ ุฅุจุฑุงููู ุงูุจูุงููุณู
ูุงูุดูุฎ/ูุญูุฏ ุฅุจุฑุงููู ุงูุจูุงููุณู
ูุงูููุงุฉ ูู ูุตุฑ
ูุงูุฏููุฉ ุบุฏุงู ุจุนุฏ ุตูุงุฉ ุงูุธูุฑ
ูุงูุตูุงุฉ ุนูููุง ูู ูุณุฌุฏ ุงูุฑุญูุฉ
ูุงูุจูุงุก ูุงูุฏูุงู ููู ูุดูุฑ ุงููู ุณุนููู ุฌููุนุงู.",,1,2022-02-20 19:40:39.335986,2022-02-20 19:40:39.335986
43,"ุจุณู ุงููู ุงูุฑุญูู ุงูุฑุญูู
ุฅูุง ููู ูุฅูุง ุฅููู ุฑุงุฌุนูู
ุชูููุช ุงูููู ุงูุฃุญุฏ
ุงูููุงูู 27/2/2022
ุฅูู ุฑุญูุฉ ุงููู ุชุนุงูู
ุงูุญุงุฌุฉ/ูุนููุฉ ุนุจุฏุงููู ุนุจุฏุงููู ุฒูุฑุงู
ุฃุฎุช ููุง ูู:
ุงููุฑุญูู ุงูุญุงุฌ/ุงูุดุญุงุช ุนุจุฏุงููู ุฒูุฑุงู
ูุงููุฑุญูู ุงูุญุงุฌ/ ุฑูุนูุช ุนุจุฏุงููู ุฒูุฑุงู
ูุงูุฏู/ุฎุงูุฏ ูุตุทูู ุฎููู ุงูุฃุนุตุฑ
ูุนูู ููุง ูู:
   ูุญููุฏุฒูุฑุงู  ููุฌุฏู ุฒูุฑุงู
 ููุญูุฏ ุฒูุฑุงู   ูุนูุงุฏ ุฒูุฑุงู 
ูุฌุฏู ููุง ูู:
ุฃุญูุฏ ูุฃุณุงูุฉ ููุญููุฏ ูุญูุฏุงูููุง
ูุญูุงุช/ุงูุญุงุฌ ุฃุญูุฏ ุงูุนุฑุงุจู
ูุงูุฏููุฉ ุจุนุฏ ุตูุงุฉ ุงูุธูุฑ
ูุงูุตูุงุฉ ุนูููุง ูู ูุณุฌุฏ ุงูุนูุณูู
ูุดุฑุจ ุงููููุฉ ุฃูุงู ููุฒู ุงูุญุงุฌ ุงูุดุญุงุช ุงูุฏูุงุด
ูุงูุจูุงุก ูุงูุฏูุงู ููู ูุดูุฑ ุงููู ุณุนููู ุฌููุนุงู.",,1,2022-02-27 08:59:21.614449,2022-02-27 08:59:21.614449
42,"ุจุณู ุงููู ุงูุฑุญูู ุงูุฑุญูู
ุงูุง ููู ูุงูุง ุงููู ุฑุงุฌุนูู ุชููู ุงูููู
ุงูู ุฑุญูุฉ ุงููู ุชุนุงูู ุจูููุจุชูู 
ุงูุญุงุฌ ุนุจุฏุงููู ุนูู ุนูู
ูุงูุฏ ููุง ูู
ุนูู ุนุจุฏุงููู ุนูู 
ูุงุณุฑ ุนุจุฏุงููู ุนูู 
ุนุฒุช ุนุจุฏุงููู ุนูู 
ุนูุฑู ุนุจุฏุงููู ุนูู 
ูุญูุฏ ุนุจุฏุงููู ุนูู 
ูุงูุฏููุฉ ุจุนุฏ ุตูุงุฉ ุงูุฌูุนุฉ ูุงูุตูุงู ุนููู ุจูุณุฌุฏ ุงููุตุฑ ุจูููุจุชูู ูุงูุจูุงุก ูุงูุฏูุงู ููู
ูููููุฏ ุงูุฑุญูู ูุงููุบูุฑู ูููุงูู ุงูุตุจุฑ ูุงูุณููุงู ูุงูุง ููู ูุงูุง ุงููู ุฑุงุฌุนูู ุงูููู ุงุบูุฑ ูู ูุงุฑุญูู ูุงุณููู ูุณูุญ ุฌูุงุชู ูุงุฌุนู ูุจุฑู ุฑูุถุฉ ูู ุฑูุงุถ ุงูุฌูุฉ ููุง ุชุฌุนููุง ุญูุฑู ูู ุญูุฑ ุงููุงุฑ  ุงูููู ุงูุฑู ูุฒูู ููุณุน ูุฏุฎูู ูุงุบุณูู ุจุงููุงุก ูุงูุซูุฌ ูุงูุจุฑุฏ ูููู ูู ุงูุฐููุจ ูุงูุฎุทุงูุง ููุง ูููู ุงูุซูุจ ุงูุฃุจูุถ ูู ุงูุฏูุณ ุงูููู ุขููู ูุงุฑุจ ุงูุนุงูููู..",,1,2022-02-25 07:44:50.929717,2022-02-25 15:12:14.607053
44,"ุจุณู ุงููู ุงูุฑุญูู ุงูุฑุญูู
ุฅูุง ููู ูุฅูุง ุฅููู ุฑุงุฌุนูู
ุชููู ุงูููู ุงูุฃุฑุจุนุงุก
ุงูููุงูู 2/3/2022
ุฅูู ุฑุญูุฉ ุงููู ุชุนุงูู
ุงูุญุงุฌ/ุฅูุงู ูุญูุฏ ุณุฑุญุงู
ูุงูุฏ ููุง ูู:
ูุญูุฏ ุฅูุงู ุณุฑุญุงู
ูุฑูุนุช ุฅูุงู ุณุฑุญุงู
ูุฃุดุฑู ุฅูุงู ุณุฑุญุงู
ููุงุตุฑ ุฅูุงู ุณุฑุญุงู 
ูุนุงุฏู ุฅูุงู ุณุฑุญุงู
ูุฅุจู ุนู ุงูุญุงุฌ/ูุนูู ุณุฑุญุงู
ูุงูุฏููุฉ ุบุฏุงู ุจุนุฏ ุตูุงุฉ ุงูุธูุฑ
ูุงูุตูุงุฉ ุนููู ูู ุงูุฌุงูุน ุงููุจูุฑ
ูุดุฑุจ ุงููููุฉ ูู ูุถููุฉ ุฏุฑุจ ุงูููุฏู
ูุงูุจูุงุก ูุงูุฏูุงู ููู ูุดูุฑ ุงููู ุณุนููู ุฌููุนุงู.",,1,2022-03-02 22:10:29.986568,2022-03-02 22:10:29.986568
45,"ุจุณู ุงููู ุงูุฑุญูู ุงูุฑุญูู
ุฅูุง ููู ูุฅูุง ุฅููู ุฑุงุฌุนูู
ุชููู ุงูููู ุงูุณุจุช 
ุงูููุงูู 5/3/2022
ุฅูู ุฑุญูุฉ ุงููู ุชุนุงูู
#ุนููุฏุฉ_ุฃุฌููุฑ_ุงููุจูุฑู
 ุงูุญุงุฌ/ููุณู ูุญููุฏ ุฃุจูุงูุนููู ุงูุดุงุนุฑ
ุฃุฎู ููุง ูู:
ุงูุญุงุฌ/ุฃุญูุฏูุญููุฏุงูุดุงุนุฑ
ูุงูุญุงุฌ/ูุญููุฏูุญููุฏ ุงูุดุงุนุฑ
ูุงูุญุงุฌ/ุฅุจุฑุงููู ูุญููุฏ ุงูุดุงุนุฑ
ูุงูุญุงุฌ/ุฃุจูุงูุนููู ูุญููุฏ ุงูุดุงุนุฑ
ูุงูุญุงุฌ/ูุญูุฏ ูุญููุฏ ุงูุดุงุนุฑ
ูุงูุญุงุฌ/ุณุนูุฏ ูุญููุฏ ุงูุดุงุนุฑ
ูุงูุฏ ููุง ูู :
ุงูุฃุณุชุงุฐ/ุญุงุฒู ููุณู ุงูุดุงุนุฑ
ูุงูุฃุณุชุงุฐ/ุณุงูุญ ููุณู ุงูุดุงุนุฑ
ูุนูู ุงูุญุงุฌ/ุฑุงูู ุงูุดุงุนุฑ
ูุงูููุงุฉ ูู ูุตุฑ
ููุญู ุงูุฃู ูู ุงูุฅูุชุธุงุฑ
ูุงูุตูุงุฉ ุนููู ูู ูุณุฌุฏ ุงูุณููุฉ
ูุงูุจูุงุก ูุงูุฏูุงู ููู ูุดูุฑ ุงููู ุณุนููู ุฌููุนุงู.",,1,2022-03-05 09:44:53.381248,2022-03-05 09:44:53.381248
46,"ุจุณู ุงููู ุงูุฑุญูู ุงูุฑุญูู
ุฅูุง ููู ูุฅูุง ุฅููู ุฑุงุฌุนูู
ุชููู ุงูููู ุงูุซูุงุซุงุก
ุงูููุงูู 15/3/2022
ุฅูู ุฑุญูุฉ ุงููู ุชุนุงูู
ุงูุญุงุฌ/ุงูุณูุฏ ูุญููุฏ ุงูุนุจุงุฏู
ุฃุฎู ุงูุดูุฎ/ุนุจุฏุงูุฌูุงุฏ ุงูุนุจุงุฏู
ูุงูุฏ /ูุญููุฏ ุงูุณูุฏ ุงูุนุจุงุฏู
ูุงูุฏููุฉ ุจุนุฏ ุตูุงุฉ ุงูุธูุฑ
ูุงูุตูุงุฉ ุนููู ูู ูุณุฌุฏ ุงูุณููุฉ
ูุงูุจูุงุก ูุงูุฏูุงู ููู ูุดูุฑ ุงููู ุณุนููู ุฌููุนุงู.",,1,2022-03-15 06:41:51.283839,2022-03-15 06:41:51.283839
41, ุนุงุฌู: ุจูุชูู ูุจุฏุฃ ุฃููู ุนูููุงุชู ุงูุนุณูุฑูุฉ ูุงุญุชูุงู ุฃููุฑุงููุง,,1,2022-02-24 10:07:24.176123,2022-02-24 11:06:04.994655
40,"ุจุณู ุงููู ุงูุฑุญูู ุงูุฑุญูู 
ุฅูุง ููู ู ุฅูุง ุฅููู ุฑุงุฌุนูู ุชูููุช ุฅูู ุฑุญูุฉ ุงููู ุชุนุงูู ุงูููู ุงูุฎููุณ ุงูููุงูู ูขููขูข/ูข/ูขูฃ
ุงูุญุงุฌู ุญููุช ูุคุงุฏ ุฃููู
ูููุฏุฉ ุนุงุฆูุฉ ุญูุงุฏุฉ ุจุฃุฌููุฑุงููุจุฑู
ุฒูุฌุฉ ุงูุงุณุชุงุฐ ุตุงุฏู ุญูุงุฏุฉ
ุฒูุฌุฉ ุฃุฎู ููุง ูู
ุงููุฑุญูู ุงูุญุงุฌ ุญููุงูู ุญูุงุฏุฉ
ุงูุญุงุฌ ุนุจุฏุงููุทูู ุญูุงุฏู 
ุงูุญุงุฌ ูุตุทูู ุญูุงุฏุฉ 
ูุงูุฏุฉ ููุง ูู
ูุตุทูู ุตุงุฏู ุญูุงุฏู
ุฃุฏูู ูุตุทูู ุญูุงุฏู
ุงูุฏููุฉ ุจุนุฏ ุตูุงุฉ ุงูุนุดุงุก ูุจุงุดุฑุฉ
ุงูุตูุงุฉ ุนูููุง ูู ูุณุฌุฏ ุงูุญูุงููุฉ ุจุฃุฌููุฑุงููุจุฑู 
ูููููุฏ ุงูุฑุญูุฉ ู ุงููุบูุฑุฉ ู ุงูุนูู ูู ุงููู ู ููุฃุณุฑุฉ ู ุงูุนุงุฆูุฉ ุฎุงูุต ุงูุนุฒุงุก ู ุงูููุงุณุงู",,1,2022-02-23 15:55:41.059767,2022-02-24 11:06:38.372096
47,"ุจุณู ุงููู ุงูุฑุญูู ุงูุฑุญูู
ุฅูุง ููู ูุฅูุง ุฅููู ุฑุงุฌุนูู
ุชูููุช ุงูููู ุงูุฎููุณ
ุงูููุงูู17/3/2022
ุฅูู ุฑุญูุฉ ุงููู ุชุนุงูู
ุงูุญุงุฌุฉ/ูุงูู ุงูุณูุฏ ุงูุฒููู
ุฒูุฌุฉ ุงูุญุงุฌ/ุนุทุง ุญุณููู ุจุงุดุง
ูุงูุฏุฉ/ุญุณููู ุนุทุง ุจุงุดุง
ุฃุฎุช ููุง ูู:
ุงูุฃุณุชุงุฐ/ุฃุญูุฏุงูุณูุฏ ุงูุฒููู
ูุญูุงุฏุฉ ุงูุณูุฏ ุงูุฒููู
ููุญูุฏ ุงูุณูุฏ ุงูุฒููู
ูุงูุฏููุฉ ุงูุณุงุนุฉ 10ุตุจุงุญุงู
ูุงูุตูุงุฉ ุนูููุง ูู ูุณุฌุฏุงูุฏุจุงุจุฑุฉ
ูุดุฑุจ ุงููููุฉ ูู ูุถููุฉ ุงูุฏุจุงุจุฑุฉ
ูุงูุจูุงุก ูุงูุฏูุงู ููู ูุดูุฑ ุงููู ุณุนููู ุฌููุนุงู.",,1,2022-03-17 03:05:52.185742,2022-03-17 03:05:52.185742
48,"ุจุณู ุงููู ุงูุฑุญูู ุงูุฑุญูู
ุฅูุง ููู ูุฅูุง ุฅููู ุฑุงุฌุนูู
ุชููู ุงูููู ุงูุฌูุนุฉ
ุงูููุงูู18/3/2022
ุฅูู ุฑุญูุฉ ุงููู ุชุนุงูู 
ุงูุฏูุชูุฑ/ุฃุญูุฏ ูุญูุฏ ุฃุจูุณุนุฏุฉ
ุฃุฎู ููุง ูู :
ูุญูุฏ ูุญูุฏ ุฃุจูุณุนุฏุฉ 
ูุงูุดูุฎ/ุนูุงุฏ ุนุจุฏุงูุฑุญูู ุงูุจูุด
ููุดุงู ุนุจุฏุงูุฑุญูู ุงูุจูุด
ูุณุงูู ุนุจุฏุงูุฑุญูู ุงูุจูุด 
ูุณูุจ ุงูุญุงุฌ/ูุญูุฏ ุนุจุฏุงูุญููุฏ ุงูุนูููู
ูุงูุฏููุฉ ุจุนุฏ ุตูุงุฉ ุงูุนุตุฑ 
ูุงูุตูุงุฉ ุนููู ูู ุงูุฌุงูุน ุงููุจูุฑ
ูุงูุจูุงุก ูุงูุฏูุงู ููู ูุดูุฑ ุงููู ุณุนููู ุฌููุนุงู.",,1,2022-03-18 10:41:20.413525,2022-03-18 10:41:20.413525
49,"ุจุณู ุงููู ุงูุฑุญูู ุงูุฑุญูู 
ุชูููุช ุงูููู ุงูุฌูุนู ุงูููุงูู ูกูจ/ูข/ูขููขูข ุงูู ุฑุญูุฉ ุงููู ุชุนุงูู ุงูุญุงุฌู  ุงูููู ุฏุณููู ุญุณุงููู 
ุฒูุฌุฉ ุงููุฑุญูู ุงูุญุงุฌ ุงูุณูุฏ ุงุจู ุบุฑุจูู 
ููุงูุฏุฉ ููุง ูู
ุงูุญุงุฌ ุนุจุฏุงูุณููุน ุงูุณูุฏ  ุงุจูุบุฑุจูู
ูุงูุญุงุฌ ูุชุญู ุงูุณูุฏ ุงุจูุบุฑุจูู 
ูุงูุญุงุฌ ูุญูุฏ ุงูุณูุฏ ุงุจู ุบุฑุจูู 
ูุงูุญุงุฌ ุณุนูุฏ ุงูุณูุฏ ุงุจู ุบุฑุจูู 
ูุงูุตูุงู ุนูููุง ูู ูุณุฌุฏ ุงุจู ุฏุดูุด
ูุงูุฏููุฉ ุจุนุฏ ุตูุงุฉ ุงูุนุตุฑ ูุจุงุดุฑู
ูุงูุจูุงุก ููู",,1,2022-03-18 12:44:40.117668,2022-03-18 12:44:40.117668
50,"ุนุงุฌู: ุงูุจูู ุงููุฑูุฒู ููุฑุฑ ุฑูุน ุณุนุฑ ุงููุงุฆุฏุฉ ุจูููุฉ 1% ุตุจุงุญ ุงูููู, ููุง ุงุฏู ุงูู ุฎูุถ ูููุฉ ุงูุฌููู ููุงุจู ุงูุฏููุงุฑ
ุณุนุฑ ุงูุฏููุงุฑ 17.5 ุฌููู ูู ุงูุจููู ุงููุตุฑูุฉ ุตุจุงุญ ุงูููู",,1,2022-03-21 08:57:00.352741,2022-03-21 08:57:00.352741
54,"ุจุณู ุงููู ุงูุฑุญูู ุงูุฑุญูู
ุฅูุง ููู ูุฅูุง ุฅููู ุฑุงุฌุนูู
ุชูููุช ุงูููู ุงูุฌูุนุฉ
ุงูููุงูู 25/3/2022
ุฅูู ุฑุญูุฉ ุงููู ุชุนุงูู
ุงูุญุงุฌุฉ/ูุฏุงูุฉ ูุญูุฏ ุนูุงุฏ ุงูุฃุตุจุญ
ุฒูุฌุฉ ุงูุญุงุฌ/ุงูุณูุฏ ุงูุจูุง
ูุงูุฏุฉ ููุง ูู:
  ูุญูุฏ ุงูุณูุฏ ุงูุจูุง
ูุญุณู ุงูุณูุฏ ุงูุจูุง 
ูุฎุงูุช ููุง ูู:
ุฃุญูุฏ ูุญูุฏ ุงูุฃุตุจูุญ
ูุนุจุฏุงููุทูู ุงูุฃุตุจุญ
ูุนุจุฏุงููุงูุฑูุญูุฏ ุงูุฃุตุจุญ
ููุญูุฏูุญูุฏุงูุงุตุจุญ
ูุงูููุงุฉ ูู ูุตุฑ
ููุญู ุงูุฃู ูู ุงูุฅูุชุธุงุฑ
ูุงูุตูุงุฉ ุนูููุง ูู ูุณุฌุฏ ุงูุณููุฉ
ูุงูุจูุงุก ูุงูุฏูุงู ููู ูุดูุฑ ุงููู ุณุนููู ุฌููุนุงู.",,1,2022-03-25 09:03:00.580065,2022-03-25 09:03:00.580065
55,"ุจุณู ุงููู ุงูุฑุญูู ุงูุฑุญูู
ุฅูุง ููู ูุฅูุง ุฅููู ุฑุงุฌุนูู
ุชููู ุงูููู ุงูุฃุญุฏ
ุงูููุงูู 27/3/2022
ุฅูู ุฑุญูุฉ ุงููู ุชุนุงูู
ุงูุญุงุฌ/ูุงุฑูู ูุญูุฏ ุงูุฎุถุฑุงูู
ุฃุฎู ููุง ูู :
ุงููุฑุญูู ุงูุญุงุฌ/ูุฏุฑู ูุญูุฏุงูุฎุถุฑุงูู
ูุงููุฑุญูู ุงูุญุงุฌ/ุญูุฏู ูุญูุฏุงูุฎุถุฑุงูู
ููุงูุฏ ููุง ูู :
 ูุญูุฏ ูุงุฑูู ุงูุฎุถุฑุงูู
ููุญููุฏ ูุงุฑูู ุงูุฎุถุฑุงูู
ูุฃุญูุฏ ูุงุฑูู ุงูุฎุถุฑุงูู
ูุนูุงุฏ ูุงุฑูู ุงูุฎุถุฑุงูู
ูุฃููู ูุงุฑูู ุงูุฎุถุฑุงูู
ูุงูุฏููุฉ ุบุฏุงู ุจุนุฏ ุตูุงุฉ ุงูุธูุฑ
ูุงูุตูุงุฉ ุนููู ูู ูุณุฌุฏ ุงูุฏุจุงุจุฑุฉ
ูุดุฑุจ ุงููููุฉ ูู ูุถููุฉ ุงูููููุฉ
ูุงูุจูุงุก ูุงูุฏูุงู ููู ูุดูุฑ ุงููู ุณุนููู ุฌููุนุงู.",,1,2022-03-27 19:29:42.335268,2022-03-27 19:29:42.335268
56,"ุจุณู ุงููู ุงูุฑุญูู ุงูุฑุญูู
ุชููู ุงูููู ุงูุซูุงุซุงุก ุงูููุงูู ูขูฉ/ูฃ/ูขููขูขุงูู ุฑุญูุฉ ุงููู ุชุนุงูู
ุณูุงูู ุงูุณูุฏ ุณูุงูู ุงูุนุฏุณ
ุฌุฏู ููุง ูู
ุณูุงูู ุงูุนุฏุณ 
ููุนูู ุงูุนุฏุณ
ูุงุจู ุงุฎู ููุง ูู
ุงุญูุฏ ุณูุงูู ุงูุนุฏุณ 
ููุญูุฏ ุณูุงูู ุงูุนุฏุณ 
ูุงูููุงู ูู ุงูุงุณููุฏุฑูู
ูุงูุฏููุฉ ูุณุงูุฉ ุงูุฌูุงุฒ
ูุงูุตูุงู ุนููู ูู ูุณุฌุฏ ุงุจู ุฏุดูุด
ูุงูุจูุงุก ููู",,1,2022-03-29 11:59:31.232597,2022-03-29 11:59:31.232597
52,"Corner Room - ููุฑูุฑ ุฑูู ๐ฎ
ูุงููุฉ - ุจูุงูุณุชูุดู
ุฌููุน ุฃููุงุน ุงููุดุฑูุจุงุช ูุงูุณุนุฑ ุนูู ุฃุฏ ุงูุงูุฏ
ุงูููุงู ุนุจุงุฑุฉ ุนู ูุงุนุฏุฉ ุนุฑุจู
ุชูููุฉ ุฌูุฏุฉ - ุชูููู
ุญุฌุฑุงุช ุจูุงูุณุชูุดู ุชูุฏุฑ ุงูุช ูุฃุตุญุงุจู ุชุญุฌุฒูุง ูุจุฃุณุนุงุฑ ุฑูุฒูุฉ
ุชูุฏุฑ ุชุชุงุจุน ูุฐุง ูุงุชุด ุดุบุงููู ูู ููุณ ุงูููุช 
ุฃุฌููุฑ ุงููุจุฑู - ุงูุฏูุงุดุฉ - ุฃุนูู ูุทุนู ุจูุชุฒุง ุญูุง 
",,1,2022-03-22 07:48:48.927654,2022-03-22 13:26:21.606468
100,"ุจุณู ุงููู ุงูุฑุญูู ุงูุฑุญูู 
ุฅูุง ููู ู ุงูุง ุงููู ุฑุงุฌุนูู 
 ุชููู ุฅูู ุฑุญูุฉ ุงููู ุชุนุงูู ุงูููู ุงูุฎููุณ ุงูููุงูู ูขููขูข/ูค/ูกูค
ุงูุญุงุฌ ุฅุจุฑุงููู ุนุจุฏุงููู ุงูุนุจุงุฏู 
ุฃุฎู ุงููุฑุญูู  ุญุณูู ุนุจุฏุงููู ุงูุนุจุงุฏู 
 ูุงูุฏ ููุง ูู
ุณุงูู ุฅุจุฑุงููู ุนุจุฏุงููู ุงูุนุจุงุฏู
ุนุจุฏุงููู ุฅุจุฑุงููู ุนุจุฏุงููู ุงูุนุจุงุฏู 
ุนู ูุงุตุฑ ุญุณูู ุงูุนุจุงุฏู
ุงูุฏููุฉ ุจุนุฏ ุตูุงุฉ ุงูุนุตุฑ ูุจุงุดุฑุฉ
ุงูุตูุงุฉ ุนููู ูู ูุณุฌุฏ ุงูุฑุญูุฉ ุจุฌูุงุฑ ุงูููุงุจุฑ 
ูุงูุจูุงุก ููู",,1,2022-04-14 13:02:27.087615,2022-04-14 20:20:26.504658
102,"ุจุณู ุงููู ุงูุฑุญูู ุงูุฑุญูู
ุฅูุง ููู ูุฅูุง ุฅููู ุฑุงุฌุนูู
ุชูููุช ุงูููู ุงูุฅุซููู
ุงูููุงูู18/4/2022
ุฅูู ุฑุญูุฉ ุงููู ุชุนุงูู
ุงูุญุงุฌุฉ/ุฒููุจ ููุตูุฑ ุญุณู ุงูุตุฑุงูู
ุฒูุฌุฉุงููุฑุญูู ุงูุญุงุฌ/ูุญูุฏ ุนุจุฏุงูุฑุญูู ุดูุนุฉ
ูุงูุฏุช ุงูุฃุณุชุงุฐ/ุนุจุฏุงููุชุงุญ ูุญูุฏ ุดูุนุฉ
ูุงูุฏููุฉ ุจุนุฏ ุตูุงุฉ ุงููุฌุฑ
ูุงูุตูุงุฉ ุนูููุง ูู ูุณุฌุฏ ุงููุฌุงุฑ
ูุงูุจูุงุก ูุงูุฏูุงู ููู ูุดูุฑ ุงููู ุณุนููู ุฌููุนุงู.",,1,2022-04-17 23:10:43.797235,2022-04-17 23:10:43.797235
53,"ุจุณู ุงููู ุงูุฑุญูู ุงูุฑุญูู
ุชููู ุงูููู ุงูู ุฑุญูุฉ ุงููู ุชุนุงูู ุจูุงุญูุฉ ุนุฒุจุฉ ููุฑ ุงููููุงุก
ุงูุญุงุฌ / ูููุณ ูุงูู ุนูู ุนูู 
ูุงูุฏ ูู ูู :
ุงูุงุณุชุงุฐ ูุญูุฏ ูููุณ ุนูู 
ูุฎุงูุฏ ูููุณ ุนูู 
ูุฃุฎู ุงููุฑุญูู / ุงุจุฑุงููู ูุงูู ุนูู 
ูุงููุฑุญูู / ุฒูู ูุงูู ุนูู
ูุงููููุฏุณ / ูุณุนุฏ ูุงูู ุนูู 
ูุงูุฏููุฉ ุจุนุฏ ุตูุงุฉ ุงูุนุตุฑ ุจูุณุฌุฏ ุงูุฑุญูู ุจุนุฒุจุฉ ููุฑ ุงููููุงุก
ูุงูุจูุงุก ูุงูุฏูุงู ููู",,1,2022-03-23 12:37:03.78291,2022-03-24 22:43:07.174365
169,"ูู ุตูุญุฉ ""ุญููุฉ ุดุจุงุจ ุฃุฌููุฑ""
ุชูุจูู ูุงู๐
ูููู ุจุนุถ ุงูุฃุดุฎุงุต ุจุงููุฑูุฑ ุนูู ุจููุช ุงููุฑูุฉ ูุญูููู ูุนูู ุฃุฌูุฒุฉ ุงูุชุนููู ูุฏุนูู ุฃููู ูู ุงูุญููุฉ ููุชุนููู ุถุฏ ููุฑูุณ ููุฑููุง ููุงุจู ูุจูุบ ูุงูู .โ
๐ฆุชุญุฐุฑ ุงูุญููุฉ ุฌููุน ุงูุงูู ุงููุฑูุฉ ุจุงููู ุฃุดุฎุงุต ุบุฑุจุงุก ุนู ุงููุฑูุฉ ูููุณ ููุญููุฉ ุงู ุตูุฉ ุจูู.",1,1,2022-05-18 16:32:53.924413,2022-05-18 16:32:53.924413
96,"ุชุญุฏูุซ ุฌุฏูุฏ ูุชุทุจูู ุฎุฏูุงุช ุฃุฌููุฑ ุงููุจุฑู
ุฏูููุชู ุชูุฏุฑ ุชุนูู ูุดุงุฑูุฉ ูุงู ุฎุจุฑ ูู ุฏุงุฎู ุงูุชุทุจูู ูุชูุฏุฑ ููุงู ุชุถูู ุงู ุฏูุชูุฑ ุงู ูุทุนู ููุงููุฉ ุงูููุถูุฉ ุนุดุงู ุชูุตู ููู ุงุณูู ูุงุณุฑุน.
ูุชูุงูู ููุงู ูู ูุงููุฉ ุงูุงุนุฏุงุฏุงุช ูุณุงุฆู ููุชูุงุตู ูุนุงูุง ูู ูู ุงู ููุฑุฉ ุฌุฏูุฏุฉ ุญุงุจุจ ุชููู ููุฌูุฏุฉ ูู ุงูุชุทุจูู ุงู ุงูุงุจูุงุบ ุนู ุงู ุงุฎุทุงุก.
""ูุณุชูู ุงูู ุงูุชุญ ูุชุฌุฑ ุจูุงู ูุงุนูู ุชุญุฏูุซ ุฏูููุชู""
ุฑูุถุงููู ูุจุงุฑูุ ุชูุจู ุงููู ุตูุงููู โช๏ธโค๏ธ",,1,2022-04-06 13:26:02.243087,2022-04-06 13:26:02.243087
97,"ุจุณู ุงููู ุงูุฑุญูู ุงูุฑุญูู
ุฅูุง ููู ูุฅูุง ุฅููู ุฑุงุฌุนูู
ุชูููุช ุงูููู ุงูุฃุฑุจุนุงุก
ุงูููุงูู 6/4/2022
ุฅูู ุฑุญูุฉ ุงููู ุชุนุงูู
ุงูุญุงุฌุฉ/ูุงุนุณุฉ ุนูููู ุฎุงุทุฑ
ุฒูุฌุฉ ุงูุญุงุฌ/ุงูุณูุฏ ุนุจุฏุงููู ุนุจุฏุงูููุงุจ
ูุงูุฏุฉ ููุง ูู:
ุงูุฃุณุชุงุฐ/ุนุจุฏุงููู ุงูุณูุฏ ุนุจุฏุงูููุงุจ
ูุณูุงูุฉ ุงูุณูุฏ ุนุจุฏุงูููุงุจ
ููุญูุฏ ุงูุณูุฏ ุนุจุฏุงูููุงุจ
ููุญุฑูุณ ุงูุณูุฏ ุนุจุฏุงูููุงุจ
ููุญููุฏ ุงูุณูุฏ ุนุจุฏุงูููุงุจ
ูุงููุฑุญูู/ูุชุญู ุนุจุฏุงูููุงุจ
ูุงูุฏููุฉ ุจุนุฏ ุตูุงุฉ ุงููุฌุฑ
ูุงูุตูุงุฉ ุนูููุง ูู ูุณุฌุฏ ุงูุญูุงููุฉ
ูุงูุจูุงุก ูุงูุฏูุงู ููู ูุดูุฑ ุงููู ุณุนููู ุฌููุนุงู.",,1,2022-04-06 20:44:20.048152,2022-04-06 20:44:20.048152
57,"ุจุณู ุงููู ุงูุฑุญูู ุงูุฑุญูู
ุฅูุง ููู ูุฅูุง ุฅููู ุฑุงุฌุนูู
ุชูููุช ุงูููู ุงูุฎููุณ
 ุงูููุงูู 31/3/2022
ุฅูู ุฑุญูุฉ ุงููู ุชุนุงูู
ุงูุญุงุฌุฉ/ูุฑูุช ูุญูุฏ ุฑุฌุงุฆู
ุฒูุฌุฉ ุงูุนููุฏ/ูุญูุฏ ุณุนูุฏ ุฃุจูุฑุฌุจ
ูุงูุฏุฉ/ูุฑูู ูุญูุฏ ุณุนูุฏ ุฃุจูุฑุฌุจ 
ุฒูุฌุฉ ุฃุฎู ููุง ูู :
ุงูุฏูุชูุฑ ูููุฏุณ/ุณุงูู ุณุนูุฏ ุฃุจูุฑุฌุจ
ูุงูุฃุณุชุงุฐ /ุนุตุงู ุณุนูุฏ ุฃุจูุฑุฌุจ
ูุงูุฃุณุชุงุฐ /ูุจูู ุณุนูุฏ ุฃุจูุฑุฌุจ 
ุฒูุฌุฉ ุฅุจู ุนู ููุง ูู :
ุงูุญุงุฌ /ุนุงุฏู ุฃุจูุฑุฌุจ
ูุงูุฃุณุชุงุฐ /ุฃุญูุฏ ุงูุดุงูุนู ุฃุจูุฑุฌุจ 
ูุงูุนููุฏ /ุตูุงุญ ุนุจุฏุงููู ุฃุจูุฑุฌุจ
ูุงูุฃุณุชุงุฐ /ูุญูุฏ ุญุณู ุฃุจูุฑุฌุจ  
ูุงูููุงู ูู ูุตุฑ
ูุงูุฏููุฉ ุจุนุฏ ุตูุงุฉ ุงูุนุดุงุก  
ูุงูุนุฒุงุก ุบุฏุง ุจูุณุฌุฏ ุงูุดุฑุทุฉ ุจุงูุฏุฑุงุณุฉ
ูุงูุจูุงุก ูุงูุฏูุงู ููู ูุดูุฑ ุงููู ุณุนููู ุฌููุนุงู.",,1,2022-03-31 14:28:50.316526,2022-03-31 15:17:32.507401
90," ุฏุงุฑ ุงูุฅูุชุงุก ุงููุตุฑูุฉ ุชุนูู ุฃู ุบุฏุง ุฃูู ุฃูุงู ุดูุฑ ุฑูุถุงู ุงููุจุงุฑู
ุชูุจู ุงููู ุตูุงููู ูููุงููู",,1,2022-04-01 18:23:34.727751,2022-04-01 18:23:34.727751
91,"ุจุณู ุงููู ุงูุฑุญูู ุงูุฑุญูู
ุฅูุง ููู ูุฅูุง ุฅููู ุฑุงุฌุนูู
ุชูููุช ุงูููู ุงูุฃุญุฏ
ุงูููุงูู 3/4/2022
ุฅูู ุฑุญูุฉ ุงููู ุชุนุงูู
ุงูุทููุฉ /ููุฑ ูุญูุฏ ูุญููุฏ ุดูุนุฉ

ุจูุช ุฃุฎู ููุง ูู:
ูุฌุฏู ูุญููุฏ ุดูุนุฉ
ูุนุจุฏุงููู ูุญููุฏ ุดูุนุฉ
ูุงูุฏููุฉ ูุณุงูุฉ ุงูุฌูุงุฒ
ูุงูุตูุงุฉ ุนูููุง ุฃูุงู ุงูููุฒู
ูุงูุจูุงุก ูุงูุฏูุงู ููู ูุดูุฑ ุงููู ุณุนููู ุฌููุนุงู.
ุงูููู ุฃุฎูู ุนูู ูุงูุฏููุง ุฎูุฑ ูููุง
ุงูููู ุฃุฑุจุท ุนูู ูููุจูู ูุฃููููู ุงูุตุจุฑ ูุงูุณููุงู ๐คฒ",,1,2022-04-03 10:13:39.282796,2022-04-03 10:13:39.282796
92,"ุชูููุช ุงูู ุฑุญูุฉ ุงููู ุชุนุงูู
ุณูุฏู ุนุจุฏ ุงูุนุฒูุฒ ุนูู ุณูุงู
ุฒูุฌู /ุนุจุฏ ุงูุฑุงุฒู ุญุณููู ุงูุบูุฑู
ูุงูุฏู /ุนูุฑู ุนุจุฏ ุงูุฑุงุฒู ุญุณููู ุงูุบูุฑู
ุฃุฎุช ููุง ูู
ุง/ุตุจุญู ุนุจุฏ ุงูุนุฒูุฒ ุนูู ุณูุงู
ุง/ุนูู ุนุจุฏ ุงูุนุฒูุฒ ุนูู ุณูุงู
ูุญูุฏ ุนุจุฏ ุงูุนุฒูุฒ ุนูู ุณูุงู
ุญุณููู ุนุจุฏ ุงูุนุฒูุฒ ุนูู ุณูุงู
ุทู ุนุจุฏ ุงูุนุฒูุฒ ุนูู ุณูุงู
ุนุฑูู ุนุจุฏ ุงูุนุฒูุฒ ุนูู ุณูุงู
ุงูุฏููู ุจุนุฏ ุตูุงู ุงูุนุตุฑ ูุงูููุงู ูู ูุตุฑ",,1,2022-04-03 11:34:25.538384,2022-04-03 11:34:25.538384
93,"ุจุณู ุงููู ุงูุฑุญูู ุงูุฑุญูู
ุฅูุง ููู ูุฅูุง ุฅููู ุฑุงุฌุนูู
ุชูููุช ุงูููู ุงูุฃุญุฏ
ุงูููุงูู 3/4/2022
ุฅูู ุฑุญูุฉ ุงููู ุชุนุงูู
 ุงูุทููู ฺูุฏู ูุญููุฏ ุงูุณุนุฏุงูู
ุจูุช ุฃุฎู ููุง ูู:
ูุณุนุฏ ุฌูุฏุฉ ุงูุณุนุฏุงูู
ูุฃุญูุฏ ุฌูุฏุฉ ุงูุณุนุฏุงูู
ูุณุนูุฏ ุฌูุฏุฉ ุงูุณุนุฏุงูู
ูุงูุฏููุฉ ูุณุงูุฉ ุงูุฌูุงุฒ
ูุงูุจูุงุก ูุงูุฏูุงู ููู ูุดูุฑ ุงููู ุณุนููู ุฌููุนุงู.",,1,2022-04-03 21:24:17.799099,2022-04-03 21:24:17.799099
94,"ุจุณู ุงููู ุงูุฑุญูู ุงูุฑุญูู
ุฅูุง ููู ูุฅูุง ุฅููู ุฑุงุฌุนูู
ุชูููุช ุงูููู ุงูุฅุซููู
ุงูููุงูู 4/4/2022
ุฅูู ุฑุญูุฉ ุงููู ุชุนุงูู
ุงูุญุงุฌุฉ/ูุทูููุฉ ุณูุงูุฉ ุฏูุงุจ
ุฒูุฌุฉ ุงูุญุงุฌ/ูุญูุฏุงูุดุญุงุช ุฅุณูุงุนูู
ูุงูุฏุฉ ููุง ูู:
ูุณุนุฏ ูุญูุฏ ุงูุดุญุงุช ุฅุณูุงุนูู
ููุญูุฏ ูุญูุฏ ุงูุดุญุงุช ุฅุณูุงุนูู
ูุฃุญูุฏ ูุญูุฏ ุงูุดุญุงุช ุฅุณูุงุนูู 
ูุฃุฎุช ููุง ูู:
ุฃุญูุฏ ุณูุงูุฉ ุฏูุงุจ
ูุญุณู ุณูุงูุฉ ุฏูุงุจ
ููุญูุฏ ุณูุงูุฉ ุฏูุงุจ
ูุณุนูุฏ ุณูุงูุฉ ุฏูุงุจ
ูุงูุฏููุฉ ุจุนุฏ ุตูุงุฉ ุงูุนุตุฑ
ูุงูุตูุงุฉ ุนูููุง ูู ุงูุฌุงูุน ุงููุจูุฑ
ูุงูุจูุงุก ูุงูุฏูุงู ููู ูุดูุฑ ุงููู ุณุนููู ุฌููุนุงู.",,1,2022-04-04 09:05:57.230466,2022-04-04 09:05:57.230466
95,"ุจุณู ุงููู ุงูุฑุญูู ุงูุฑุญูู
ุฅูุง ููู ูุฅูุง ุฅููู ุฑุงุฌุนูู
ุชููู ุงูููู ุงูุซูุงุซุงุก
ุงูููุงูู 5/4/2022
ุฅูู ุฑุญูุฉ ุงููู ุชุนุงูู
ุฎุงูุฏ ุฅุณูุงุนูู ุนุจุฏุงููุชุงุญ
ูุงูุฏ ููุง ูู:
ูุญููุฏ ุฎุงูุฏ ุนุจุฏุงููุชุงุญ
ูุฅุณูุงุนูู ุฎุงูุฏ ุนุจุฏุงููุชุงุญ
ูุฃุฎู ููุง ูู:
ุตูุงุญ ุฅุณูุงุนูู ุนุจุฏุงููุชุงุญ
ูุฃุญูุฏ ุฅุณูุงุนูู ุนุจุฏุงููุชุงุญ
ูุนุจุฏุงููุชุงุญ ุฅุณูุงุนูู ุนุจุฏุงููุชุงุญ
ูุงูุฏููุฉ ุจุนุฏ ุตูุงุฉ ุงูุนุตุฑ
ูุงูุตูุงุฉ ุนูููุง ูู ูุณุฌุฏ ุงูุณููุฉ
ูุงูุจูุงุก ูุงูุฏูุงู ููู ูุดูุฑ ุงููู ุณุนููู ุฌููุนุงู.",,1,2022-04-05 09:29:17.655583,2022-04-05 09:29:17.655583
98,"ุจุณู ุงููู ุงูุฑุญูู ุงูุฑุญูู
ุชููู ุงูููู ุงูุงุซููู ุงูููุงูู 11/4/2022ุงูู ุฑุญูุฉ ุงููู ุชุนุงูู
ุงูุญุงุฌ ูุณุนุฏ ูุญููุฏ ุงุจูุญูุฑู
ูุงูุฏ ููุง ูู
ูุญูุฏ ูุณุนุฏ ุงุจูุญูุฑู
ููุงุณุฑ ูุณุนุฏ ุงุจูุญูุฑู
ูุงุญูุฏ ูุณุนุฏ ุงุจูุญูุฑู
ูุงูููุงู ูู ูุตุฑ
ููุญู ุงูุขู ูู ุงูุงูุชุธุงุฑ 
ูุงูุฏููู ุจุนุฏ ุตูุงุฉ ุงูุนุตุฑ ูุจุงุดุฑู
ูุงูุตูุงู ุนููู ูู ูุณุฌุฏ ุงูุฑุญูุฉ ุจุฌูุงุฑ ุงูููุงุจุฑ
ูุงูุจูุงุก ููู",,1,2022-04-11 13:35:36.556686,2022-04-11 13:35:36.556686
99,"ุจุณู ุงููู ุงูุฑุญูู ุงูุฑุญูู
ุชูููุช ุงูููู ุงูุฎููุณ ุงูููุงูู 14/4/2022ุงูู ุฑุญูุฉ ุงููู ุชุนุงูู
ููู ุดุนูุจ 
ุฒูุฌุฉ ุงููุนูู ุนุจุฏุงููุจู ุงูุณูุฏ ุงูููุงุฎูู
ูุงูููุงู ูู ุจููุง 
ููุญู ุงูุขู ูู ุงูุงูุชุธุงุฑ
ูุงูุจูุงุก ููู",,1,2022-04-14 09:38:12.470165,2022-04-14 09:38:12.470165
101,"ุจุณู ุงููู ุงูุฑุญูู ุงูุฑุญูู
ุฅูุง ููู ูุฅูุง ุฅููู ุฑุงุฌุนูู
ุชููู ุงูููู ุงูุฃุญุฏ
ุงูููุงูู 17/4/2022
ุฅูู ุฑุญูุฉ ุงููู ุชุนุงูู
ุงูุญุงุฌ/ุฌูุงู ุนูุถ ูุญูุฏ ูููุฏู 
ุฃุฎู ููุง ูู:
ุงูุญุงุฌ/ุนูุถ ุนูุถ ูููุฏู 
ูุงูุญุงุฌ/ูุญูุฏ ุนูุถ ูููุฏู 
ููุงูุฏ ููุง ูู:
ุฃุดุฑู ุฌูุงู  ูููุฏู 
ูุญุณู ุฌูุงู  ูููุฏู 
ูุฑูุถุงู ุฌูุงู  ูููุฏู 
ูุงูุฏููุฉ ุจุนุฏ ุตูุงุฉ ุงูุธูุฑ
ูุงูุตูุงุฉ ุนูููุง ูู ูุณุฌุฏ ุงูุฏุจุงุจุฑุฉ
ูุงูุจูุงุก ูุงูุฏูุงู ููู ูุดูุฑ ุงููู ุณุนููู ุฌููุนุงู.",,1,2022-04-17 10:13:29.717779,2022-04-17 10:13:29.717779
103,"ุจุณู ุงููู ุงูุฑุญูู ุงูุฑุญูู ( ุฅูุง ููู ู ุฅูุง ุฅููู ุฑุงุฌุนูู) ุชููู ุฅูู ุฑุญูุฉ ุงููู ุชุนุงูู ุงูููู ุงูุงุซููู ุงูููุงูู ูขููขูข/ูค/ูกูจ 
    (( #ูุญูุฏ_ุงูุณูุฏ_ุฌูุนุฉ_ุนุงูุฑ ))
#ุฒูุฌ_ุฅุจูุฉ (ูุณูุจ) #ุงูุญุงุฌ_ูุฎุชุงุฑ_ุฃุจูุนุจุฏู
#ุฒูุฌ_ุฃุฎุช
ุฃุฎููุง // ูุญูุฏ ูุฎุชุงุฑ ุงุจูุนุจุฏู
ุฃุฎููุง // ุนุจุฏุงูุฑุญูู ูุฎุชุงุฑ ุฃุจูุนุจุฏู 
#ุฒูุฌ_ุฅุจูุฉ_ุงุฎู_ููุง_ูู
ุงูุฃุณุชุงุฐ // ุญููู ุฃุจูุนุจุฏู
ุงููุฑุญูู ุงูุญุงุฌ // ูุญูุฏ ุงุจู ุนุจุฏู
ุงูุญุงุฌ // ุญุณููู ุฃุจูุนุจุฏู
ุงูุญุงุฌ // ุฑูุนุช ุฃุจูุนุจุฏู
ุงูุญุงุฌ // ุฌูุงู ุฃุจูุนุจุฏู
ุงูุญุงุฌ // ุดุชุง ุงุจูุนุจุฏู 
#ุนุฏูู ุฒูุฌ ุฃุฎุช ุฒูุฌุฉ ุงูุดูุฎ // ูุญูุฏ ุฅุจุฑุงููู ุญุฌุงุฒู 
#ุงูููุงู ูู ุฃุฌููุฑุงููุจุฑู #ุงูุฏููุฉ_ูู_ููุงุจุฑ_ุนุงุฆูุฉ_ุงููุชููู_ุจูุฑูุฉ_ุตูุงููุฑ
#ุงูุฏููุฉ ุจุนุฏ ุตูุงุฉ ุงูุนุตุฑ ูุจุงุดุฑุฉ ูู ููุงุจุฑ ูุฑูุฉ ุงููุชููู ูุฑูุฉ ุตูุงููุฑ
ูููููุฏ ุงูุฑุญูุฉ ู ุงููุบูุฑุฉ ู ุงูุนูู ูู ุงููู ู ููุฃุณุฑุฉ ู ุงูุนุงุฆูุฉ ุฎุงูุต ุงูุนุฒุงุก ู ุงูููุงุณุงุฉ
ุงูููู ุฅุบูุฑ ูู ู ุงุฑุญูู ู ุงุนู ุนูู ู ุฃุณููุง ู ุฃุณููู ู ูุงูุฏููุง ู ุงููุงุฏูุง ู ุฅุฎูุชูุง ู ุฃุฒูุงุฌูุง ู ุฃุฌุฏุงุฏูุง ูู ุงูุงู ู ูู ุงูุฃุจ ู ุฐุฑูุชูู ู ุงููุคูููู ู ุงููุณูููู ุงููุฑุฏูุณ ุงูุงุนูู ูุงุฑุจ ุงูุนุงูููู ู ุงูุตูุงู ู ุงูุณูุงู ุนูู ุฑุณูู ุงููู ุตูู ุงููู ุนููู ูุณูู",,1,2022-04-18 11:06:57.799863,2022-04-18 11:06:57.799863
104,"ุจุณู ุงููู ุงูุฑุญูู ุงูุฑุญูู
ุฅูุง ููู ูุฅูุง ุฅููู ุฑุงุฌุนูู
ุชูููุช ุงูููู ุงูุฅุซููู
ุงูููุงูู 18/4/2022
ุฅูู ุฑุญูุฉ ุงููู ุชุนุงูู
ุงูุฃุณุชุงุฐุฉ/ฺููุงู ูุญููุฏ ุฅุจุฑุงููู
ุฒูุฌุฉ ุงูุฃุณุชุงุฐ/ุนุจุฏุงูุฑุญูู ุญุณู ุฃุจูุญูุงุฏ
ุฒูุฌุฉ ุฃุฎู ููุง ูู:
ุงูุฃุณุชุงุฐ/ูุญูุฏ ุญุณู ุฃุจู ุญูุงุฏ 
ูุงูุฃุณุชุงุฐุฉ/ููููุฉ ุญุณู ุฃุจูุญูุงุฏ
ูุงูููุงุฉ ูู ูุตุฑ
ูุชู ุชุดููุน ุงูุฌูุงุฒุฉุจุนุฏ ุตูุงุฉ ุงูุนุตุฑ ุจููุงุจุฑ ุงูุนุงุฆูุฉ ุจููููุจ
ูุงูุจูุงุก ูุงูุฏูุงู ููู ูุดูุฑ ุงููู ุณุนููู ุฌููุนุงู.",,1,2022-04-18 15:19:54.38157,2022-04-18 15:19:54.38157
105,"ุจุณู ุงููู ุงูุฑุญูู ุงูุฑุญูู
ุฅูุง ููู ูุฅูุง ุฅููู ุฑุงุฌุนูู
ุชููู ุงูููู ุงูุซูุงุซุงุก
ุงูููุงูู 19/4/2022
ุฅูู ุฑุญูุฉ ุงููู ุชุนุงูู
ุจูุงุญูุฉ ุนุฒุจุฉ ุงูุตูุฏูููุฉ
ุฃุญูุฏ ุนุจุฏุงูุนููู ุนุจุฏ ุงูุณูุงู
ูุงูููุงุฉ ูู ุฃูุฌูููุง
ูุงููุชููู ุฌุงู ูู ุทุฑููุฉ ููุตุฑ
ูุงูุฏููุฉ ูุณุงูุฉ ุงููุตูู ุจููุงุจุฑ ุงูุนุงุฆูุฉ ุจุงูุณููุง
ูุงูุจูุงุก ูุงูุฏูุงู ููู ูุดูุฑ ุงููู ุณุนููู ุฌููุนุงู.
ุงูููู ุชูุจูู ุนูุฏู ูู ุงูุดูุฏุงุก",,1,2022-04-19 02:26:21.04568,2022-04-19 02:27:24.552458
106,"ุงููุบููุฑ ูู ุจุฅุฐู ุงููู/ ุฃุญูุฏ ุนุจุฏุงูุนููู ุนุจุฏุงูุณูุงู 
ุงูุตูุงุฉ ุนููู ูู ูุณุฌุฏ ุงูุตุฏูููุฉ ุฎุท 12
ุจุนุฏ ุตูุงุฉ ุงูุฌูุนุฉ ูุงูุฏููุฉ ูู ููุงุจุฑ ุงูุนุงุฆูุฉ ุจุงูุณููุง 
ูุงูุนุฒุงุก ุจูุถููุฉ ุงูุนุงุฆูุฉ ูู ุงูุตุฏููุฉ
ูุงูุจูุงุก ูุงูุฏูุงู ููู ูุดูุฑ ุงููู ุณุนููู ุฌููุนุง.",,1,2022-04-22 03:03:44.08618,2022-04-22 03:03:44.08618
107,"ุจุณู ุงููู ุงูุฑุญูู ุงูุฑุญูู ( ุฅูุง ููู ู ุงูุง ุงููู ุฑุงุฌุนูู) ุชููู ุฅูู ุฑุญูุฉ ุงููู ุชุนุงูู ุงูููู ุงูุฃุญุฏ ุงูููุงูู ูขููขูข/ูค/ูขูค 
       (( #ุงูุญุงุฌ_ูุณุนุฏ_ุนุจุฏุงููู_ุงูุดุจุฑุงูู ))
(( #ูููุฏ_ุนุงุฆูุฉ_ุงูุดุจุฑุงูู_ูุนุงุฆูุฉ_ุฎูู_ุจุฃุฌููุฑุงููุจุฑู ))
#ูุงูุฏ_ููุง_ูู
ุทู ูุณุนุฏ ุงูุดุจุฑุงูู
ุนูุฑ ูุณุนุฏ ุงูุดุจุฑุงูู
#ุฃุฎู_ููุง_ูู
ุงูุงุณุชุงุฐ // ูุญูุฏ ุนุจุฏุงููู ุงูุดุจุฑุงูู
ุงูุงุณุชุงุฐ  // ุณูุฏ ุนุจุฏุงููู ุงูุดุจุฑุงูู
ุงููุนูู     // ูุญูุฏ ุนุจุฏุงููู ุงูุดุจุฑุงูู 
#ุงูููุงู ูู ูุณุชุดูู ุงูุชุนูููู ุจุจููุง
#ุงูุฏููุฉ ูุณุงูุฉ ุงูุฌูุงุฒ 
ูููููุฏ ุงูุฑุญูุฉ ู ุงููุบูุฑุฉ ู ุงูุนูู ูู ุงููู ู ููุฃุณุฑุฉ ู ุงูุนุงุฆูุฉ ุฎุงูุต ุงูุนุฒุงุก ู ุงูููุงุณุงุฉ
ุงูููู ุฅุบูุฑ ูู ู ุงุฑุญูู ู ุงุนู ุนูู ู ุฃุณููุง ู ุฃุณููู ู ูุงูุฏููุง ู ุงููุงุฏูุง ู ุฅุฎูุชูุง ู ุฃุฒูุงุฌูุง ู ุฃุฌุฏุงุฏูุง ูู ุงูุงู ู ูู ุงูุฃุจ ู ุฐุฑูุชูู ู ุงููุคูููู ู ุงููุณูููู ุงููุฑุฏูุณ ุงูุงุนูู ูุงุฑุจ ุงูุนุงูููู ู ุงูุตูุงู ู ุงูุณูุงู ุนูู ุฑุณูู ุงููู ุตูู ุงููู ุนููู ูุณูู",,1,2022-04-24 11:30:32.879813,2022-04-24 11:30:32.879813
108,"ุจุณู ุงููู ุงูุฑุญูู ุงูุฑุญูู
ุฅูุง ููู ูุฅูุง ุฅููู ุฑุงุฌุนูู
ุชูููุช ุงูููู ุงูุฅุซููู
ุงูููุงูู 25/4/2022
ุฅูู ุฑุญูุฉ ุงููู ุชุนุงูู
ุจูุงุญูุฉ ุงูุญูุงูุฉ
ุงูุญุงุฌุฉ/ูุชุญูุฉ ุฃุญูุฏ ุนุจุฏุงููุทูู
ุฒูุฌุฉ ุงููุฑุญูู/ุตูุงุญ ุฌูุงู ุฎุงุทุฑ
ููุงูุฏุช ููุง ูู:
ุงูุฃุณุชุงุฐ/ูุดุงู ุตูุงุญ ุฎุงุทุฑ
ูุงูุฃุณุชุงุฐ/ุนุตูุช ุตูุงุญ ุฎุงุทุฑ
ูุงูุญุงุฌ/ูุญูุฏ ุตูุงุญ ุฎุงุทุฑ 
ูุงูุฏููุฉ ุจุนุฏ ุตูุงุฉ ุงูุนุดุงุก
ูุงูุตูุงุฉ ุนูููุง ุจุงูุฌุงูุน ุงููุจูุฑ ุจุงูุญูุงูุฉ
ูุงูุจูุงุก ูุงูุฏูุงู ููู ูุดูุฑ ุงููู ุณุนููู ุฌููุนุงู.",,1,2022-04-25 13:22:14.572569,2022-04-25 13:22:14.572569
109,"ุจุณู ุงููู ุงูุฑุญูู ุงูุฑุญูู
ุชูููุช ุงูููู ุงูุฎููุณ ุงูููุงูู ูขูจ/ูค/ูขููขูขุงูู ุฑุญูุฉ ุงููู ุชุนุงูู
ุบุงุฏู ูุญูุฏ ุนุจุฏุงูุญููุฏ ุงูุจุทุทู
ุจูุช ุฃุฎู ููุง ูู
ุงูุงุณุชุงุฐ ุญุณู ุนุจุฏุงูุญููุฏ ุงูุจุทุทู
ูุงูุงุณุชุงุฐ ุฎุงูุฏ ุนุจุฏุงูุญููุฏ ุงูุจุทุทู
ูุงูุงุณุชุงุฐ ุญุณููู ุนุจุฏุงูุญููุฏ ุงูุจุทุทู 
ูุงูููุงู ูู ุจููุง
ูุงูุจูุงุก ููู",,1,2022-04-27 22:17:26.629645,2022-04-27 22:17:26.629645
110,"ุจุณู ุงููู ุงูุฑุญูู ุงูุฑุญูู
ุฅูุง ููู ูุฅูุง ุฅููู ุฑุงุฌุนูู
ุชููู ุงูููู ุงูุฎููุณ
ุงูููุงูู 28/4/2022
ุฅูู ุฑุญูุฉ ุงููู ุชุนุงูู
ุงูุญุงุฌ/ุฑุดุงุฏ ุงูุฏูุจ
ูุงูุฏููุฉ ุจุนุฏ ุตูุงุฉ ุงููุฌุฑ
ูุงูุตูุงุฉ ุนูููุง ูู ูุณุฌุฏ ุงูุญูุงููุฉ
ูุงูุจูุงุก ูุงูุฏูุงู ููู ูุดูุฑ ุงููู ุณุนููู ุฌููุนุงู.",,1,2022-04-28 02:36:54.647725,2022-04-28 02:36:54.647725
166,"ุจุณู ุงููู ุงูุฑุญูู ุงูุฑุญูู
ุฅูุง ููู ูุฅูุง ุฅููู ุฑุงุฌุนูู
ุชูููุช ุงูููู ุงูุฎููุณ
ุงูููุงูู 12/5/2022
ุฅูู ุฑุญูุฉ ุงููู ุชุนุงูู
ุงูุญุงุฌุฉ/ุตูุงุก ุญุณูู ูุญูุฏ ุฃุจูุงููุตุฑ
ุฒูุฌุฉ ุงูุฏูุชูุฑ/ูุญูุฏ ูุตุฑ ุงูุนูููู
ูุงูุฏุฉ ููุง ูู:
ุงูุฃุณุชุงุฐ/ุฅููุงุจ ูุญูุฏ ูุตุฑ ุงูุนูููู
ูุงูุฃุณุชุงุฐ/ุทู ูุญูุฏ ูุตุฑ ุงูุนูููู
ูุงูุฃุณุชุงุฐ/ูุงุฆู ูุญูุฏ ูุตุฑ ุงูุนูููู
ูุงูุฏูุชูุฑ/ุฃุญูุฏูุญูุฏ ูุตุฑ ุงูุนูููู
ูุงูุฏููุฉ ุจุนุฏ ุตูุงุฉ ุงูุนุตุฑ
ูุงูุตูุงุฉ ุนูููุง ูู ูุณุฌุฏ ุงูุฑุญูุฉ
ูุงูุจูุงุก ูุงูุฏูุงู ููู ูุดูุฑ ุงููู ุณุนููู ุฌููุนุงู.",1,1,2022-05-12 08:06:51.299572,2022-05-12 08:06:51.299572
170,"ุจุณู ุงููู ุงูุฑุญูู ุงูุฑุญูู
ุฅูุง ููู ูุฅูุง ุฅููู ุฑุงุฌุนูู
ุชูููุช ุงูููู ุงูุฎููุณ
ุงูููุงูู 19/5/2022
ุฅูู ุฑุญูุฉ ุงููู ุชุนุงูู
ุงูุญุงุฌุฉ/ูุณุนูุฏู ุฃุญูุฏ ุงูุฏููุจ
ุฃุฎุช ุงูุญุงุฌ/ุฅุจุฑุงููู ุฃุญูุฏ ุงูุฏููุจ
ููุงูุฏู ููุง ูู:
ุฃุญูุฏ ูุฌุงูุฏ ุนุจุฏุงูุฑุญูู ุนุจุฏุงููุชุงุญ
ูุงููุฑุญูู/ุฑุดุงุฏ ูุฌุงูุฏ ุนุจุฏุงูุฑุญูู ุนุจุฏุงููุชุงุญ
ูุงูุฏููุฉ ุจุนุฏ ุตูุงุฉ ุงูุธูุฑ
ูุงูุตูุงุฉ ุนูููุง ูู ูุณุฌุฏ ุงูุญูุงููุฉ
ูุงูุจูุงุก ูุงูุฏูุงู ููู ูุดูุฑ ุงููู ุณุนููู ุฌููุนุงู.",1,1,2022-05-19 07:41:47.507877,2022-05-19 07:41:47.507877
111,"ุจุณู ุงููู ุงูุฑุญูู ุงูุฑุญูู ( ุฅูุง ููู ู ุงูุง ุงููู ุฑุงุฌุนูู ) ุจุนุฏ ุตุจุฑ ุนูู ุงููุฑุถ ุชููู ุฅูู ุฑุญูุฉ ุงููู ุชุนุงูู ูู ูููุฉ ุงูุชุงุณุน ู ุงูุนุดุฑูู ูู ุฑูุถุงู ูููุฉ ุงูุณุจุช ููู ุงูุฌูุนุฉ ุงูููุงูู ูขููขูข/ูขูฉ
      (( #ุงูุญุงุฌ_ูุฌุฏู_ุญููู_ุฃุจูุนุงุดูุฑ ))
#ูููุฏ_ุนุงุฆูุฉ_ุฃุจูุนุงุดูุฑ_ุจูุฑูุฉ_ุฃุฌููุฑุงููุจุฑู 
#ุฃุฎู_ููุง_ูู
ุงูุญุงุฌ // ูุญูุฏ ุญููู ุฃุจูุนุงุดูุฑ
ุงูุดูุฎ // ุนุตุงู ุญููู ุฃุจูุนุงุดูุฑ 
#ูุงูุฏ_ููุง_ูู
ุฃุฎููุง ุงูุงุณุชุงุฐ // ุญููู ูุฌุฏู ุญููู ุฃุจูุนุงุดูุฑ
ุฃุฎููุง ุงูุงุณุชุงุฐ   // ุถูุงุก ูุฌุฏู ุญููู ุฃุจูุนุงุดูุฑ
ุฃุฎููุง // ูุญููุฏ ูุฌุฏู ุญููู ุฃุจูุนุงุดูุฑ 
#ูุงูุฏ_ุฒูุฌุฉ_ุฃุฎููุง_ุงูุญุงุฌ_ุฎุงูุฏ_ูุญูู_ุฃุจูุนุงุดูุฑ #ุฃุฎู_ุฒูุฌุฉ_ููุง_ูู
ุงูุญุงุฌ // ุฃุญูุฏ ุฅุจุฑุงููู ุงููุฌุฏู
ุงูุญุงุฌ // ุตูุงุญ ูููู ุฃุจูุนุงุดูุฑ
ุงููุฑุญูู ุงูุงุณุชุงุฐ // ูุญูุฏ ุนุจุฏุงููู ุนุจุฏุงููุงุฏู
ุงููุฑุญูู ุงูุญุงุฌ // ุนุจุฏุงููุชุงุญ ููุตูุฑ ุนุจุฏุงููุงุฏู
#ุฅุจู_ุนู_ููุง_ูู
ุงูุญุงุฌ // ูููุฑ ุฅุฏุฑูุณ ุฃุจูุนุงุดูุฑ
ุงูุญุงุฌ // ูุญูุฏ ุฅุฏุฑูุณ ุฃุจูุนุงุดูุฑ
ุงูุญุงุฌ // ูุญููุฏ ุฅุฏุฑูุณ ุฃุจูุนุงุดูุฑ
ุงูุญุงุฌ // ุทุงูุฑ ุฅุฏุฑูุณ ุฃุจูุนุงุดูุฑ
#ุงูุงูุชุธุงุฑ_ุฃูุงู ุงูููุฒู ุจุนุฒุจุฉ ุงูุตุฏููุฉ
#ุงูุฏููุฉ ุจุนุฏ ุตูุงุฉ ุงููุฌุฑ ูุจุงุดุฑุฉ",,1,2022-04-29 21:11:38.854822,2022-04-29 21:11:38.854822
144,"ุจุณู ุงููู ุงูุฑุญูู ุงูุฑุญูู
ุชููู ุงูููู ุงูุงุซููู ุงูููุงูู ูข/ูฅ/ูขููขูขุงูู ุฑุญูู ุงููู ุชุนุงูู 
ุงูุญุงุฌ ูุจูุจ ุฌูุงู ุฏุฑููู
ุงุฎู ููุง ูู
ุงููุฑุญูู ุงูุญุงุฌ ุณุงูู
ุฌูุงู  ุฏุฑููู
ูุงููุฑุญูู ุงูุญุงุฌ ุนุงุฏู ุฌูุงู  ุฏุฑููู
ูุงููุฑุญูู ุงูุญุงุฌ ูุฌู ุฌูุงู ุฏุฑููู
ูุงูุญุงุฌ ุญููู ุฌูุงู ุฏุฑููู
ููุงูุฏ ููุง ูู
ูุงูู ูุจูุจ ุฏุฑููู
ูุงููู ูุจูุจ ุฏุฑููู
ูุงูุฏููู ุจุนุฏ ุตูุงุฉ ุงูุนุตุฑ ูุจุงุดุฑู
ูุงูุตูุงู ุนููู ูู ูุณุฌุฏ ุงุจู ุฏุดูุด
ูุงูุจูุงุก ููู",,1,2022-05-02 09:03:11.886421,2022-05-02 09:03:11.886421
145,"ุจุณู ุงููู ุงูุฑุญูู ุงูุฑุญูู
ุชููู ุงูููู ุงูุซูุงุซุงุก ุงูููุงูู ูฃ/ูฅ/ูขููขูขุงูู ุฑุญูุฉ ุงููู ุชุนุงูู
ูุญูุฏ ูุทูู ูุทูู 
ุงุฎู ุนูุฑ ูุทูู ูุทูู
ูุงุจู ุงุฎู ููุง ูู
ุทู ูุทูู 
ูุนุจุฏุงููู ูุทูู
ูุงููุฑุญูู ูููู ูุทูู
ูุงุจู ุงุฎุช ููุง ูู
ูุญูุฏ ูุญูุฏ ุฎุงุทุฑ 
ูุนูููู ูุญูุฏ ุฎุงุทุฑ 
ูุงูุฏููุฉ ุจุนุฏ ุตูุงุฉ ุงููุบุฑุจ 
ูุงูุตูุงู ุนููู ูู ูุณุฌุฏ ุงูุญูุงููู
ูุงูุจูุงุก ููู",,1,2022-05-03 14:08:02.495924,2022-05-03 14:08:02.495924
146,"ุจุณู ุงููู ุงูุฑุญูู ุงูุฑุญูู
ุชููู ุงูููู ุงูุงุฑุจุนุงุก ุงูููุงูู ูค/ูฅ/ูขููขูขุงูู ุฑุญูุฉ ุงููู ุชุนุงูู
ุงูุญุงุฌ ููุงู ูุญูุฏ ุงูุตููู 
ูุงูุฏ ููุง ูู
 ุงููู ููุงู ุงูุตููู 
ููุญูุฏ ููุงู ุงูุตููู
ููุตุทูู ููุงู ุงูุตููู 
ูุงุฎู ููุง ูู
ุงูุญุงุฌ ูุฌููู ูุญูุฏ  ุงูุตููู 
ูุงูุงุณุชุงุฐ ุณุงูู ูุญูุฏ  ุงูุตููู 
ูุงูุงุณุชุงุฐ ุนูุงุก ูุญูุฏ  ุงูุตููู
ูุงููุฑุญูู ุฌููู ูุญูุฏ  ุงูุตููู 
ูุงุญูุฏ ูุญูุฏ  ุงูุตููู 
ูุงุจู ุนู ููุง ูู
ุนุจุฏุงููู ูุญูุฏ ุงูุตููู 
ูุงููุฑุญูู ุณูุฏ ูุญูุฏ ุงูุตููู
ูููุฒู ูุญูุฏ ุงูุตููู
ููุญูุฏ ูุญูุฏ ุงูุตููู
ูุงูููุงู ูู ุญููุงู 
ููุญู ุงูุขู ูู ุงูุงูุชุธุงุฑ  
ูุงูุฏููู ุจุนุฏ ุตูุงุฉ ุงูุธูุฑ ูุจุงุดุฑุฉ
ูุงูุตูุงู ุนููู ูู ูุณุฌุฏ ุงูุฑุญูุฉ ุจุฌูุงุฑ ุงูููุงุจุฑ
ูุงูุจูุงุก ููู",,1,2022-05-04 09:36:12.25895,2022-05-04 09:36:12.25895
147,"ุจุณู ุงููู ุงูุฑุญูู ุงูุฑุญูู
ุฅูุง ููู ูุฅูุง ุฅููู ุฑุงุฌุนูู
ุชููู ุงูููู ุงูุฃุฑุจุนุงุก
ุงูููุงูู 4/5/2022
ุฅูู ุฑุญูุฉ ุงููู ุชุนุงูู
#ุจูุงุญูุฉ_ุนุฒุจุฉ_ููุฑ_ุงููููุงุก
ุงูุญุงุฌ/ุฃุญูุฏ ุดููู ุฃุญูุฏ ุชูุงูู  ุดุฑูู 
ุงุฎู ููุง ูู :
 ุงููุฑุญูู ุงูุญุงุฌ/ ุนุจุฏุงููุทูู ุดููู ุดุฑูู 
ูุงูุญุงุฌ /ููุฏูุญ  ุดููู ุดุฑูู
ูุงูุญุงุฌ/ ุฎุงูุฏ ุดููู ุดุฑูู
ููุงูุฏ ููุง ูู :
ุงูุฃุณุชุงุฐ /ูุญูุฏ ุฃุญูุฏ ุดููู ุดุฑูู
ูุงูุฃุณุชุงุฐ/ุนุจุฏุงููุทูู ุฃุญูุฏ ุดููู ุดุฑูู
ูุงุจู ุนู ููุง ูู :
ุงูุญุงุฌ/ุฌูุงู ุนุจุฏู ุดุฑูู 
ูุงูุญุงุฌ /ุตูุงุญ ุนุจุฏู ุดุฑูู
ูุงูุดูุฎ /ุณูุฏ ุนุจุฏู ุดุฑูู
ูุงููููุฏุณ /ูุญูุฏ ุนุจุฏู ุดุฑูู
ูุงูุญุงุฌ /ููุณู ุชูุงูู ุดุฑูู
ูุงูุญุงุฌ/ ูุนุชุฒ ุชูุงูู ุดุฑูู
ูุงูุญุงุฌ /ุดุฑูู ุชูุงูู ุดุฑูู
ูุงูุฏููุฉ ุจุนุฏ ุตูุงุฉ ุงูุนุตุฑ
ูุงูุตูุงุฉ ุนููู ูู ูุณุฌุฏ ุงูุฑุญูู #ุจุนุฒุจุฉ_ููุฑ_ุงููููุงุก
ูุงูุจูุงุก ูุงูุฏูุงู ููู ูุดูุฑ ุงููู ุณุนููู ุฌููุนุงู .",,1,2022-05-04 13:00:15.805897,2022-05-04 13:00:15.805897
148,ุนุงุฌู | ุบูู ุณูู ุงูุฐูุจ ูู ูุตุฑ ูููู ุงูุดุฑุงุก ูุงูุจูุน ุชุฑูุจูุง ููุฑุงุฑุงุช ุงูุจูู ุงููุฑูุฒู,,1,2022-05-06 21:48:14.174796,2022-05-06 21:48:14.174796
149,"ุจุณู ุงููู ุงูุฑุญูู ุงูุฑุญูู
ุฅูุง ููู ูุฅูุง ุฅููู ุฑุงุฌุนูู
ุชูููุช ุงูููู ุงูุณุจุช
ุงูููุงูู 7/5/2022
 ุฅูู ุฑุญูุฉ ุงููู ุชุนุงูู
ุงูุญุงุฌุฉ/ูุงูุฒุฉ ูุญูุฏ ูุญููุฏ ุงูุจุฑุจูุฑู 
ุฃุฎุช ููุง ูู :
ูุญูุฏ ูุญูุฏ ุงูุจุฑุจูุฑู
ูุณุนูุฏ ูุญูุฏ ุงูุจุฑุจูุฑู
ูุญุณูู ูุญูุฏ ุงูุจุฑุจูุฑู
 ูุนุงุทู ูุญูุฏ ุงูุจุฑุจูุฑู
 ูุฃููุฑ ูุญูุฏ ุงูุจุฑุจูุฑู
ูุฃุดุฑู ูุญูุฏ ุงูุจุฑุจูุฑู
ูุจูุช ุนู ููุง ูู:
ุงูุญุงุฌ/ุฃุญูุฏ ุงูุจุฑุจูุฑู
ูุงูุญุงุฌ/ูุญููุฏุงูุจุฑุจูุฑู
ูุงูููุงุฉ ูู ูุตุฑ
ูุงูุฏููุฉ ุจุนุฏ ุตูุงุฉ ุงูุธูุฑ
ูุงูุตูุงุฉ ุนูููุง ูู ูุณุฌุฏ ุงูุฑุญูุฉ
ูุงูุจูุงุก ูุงูุฏูุงู ููู ูุดูุฑ ุงููู ุณุนููู ุฌููุนุงู.",,1,2022-05-07 09:26:40.610132,2022-05-07 09:26:40.610132
156,"ุจุณู ุงููู ุงูุฑุญูู ุงูุฑุญูู
ุฅูุง ููู ูุฅูุง ุฅููู ุฑุงุฌุนูู
ุชูููุช ุงูููู ุงูุฃุฑุจุนุงุก
ุงูููุงูู 11/5/2022
 ุฅูู ุฑุญูุฉ ุงููู ุชุนุงูู
ูุจููุฉ ููุฒู ุฃุญูุฏ ุฏููุฏุงุฑ
ุฒูุฌุช /ุณุนูุฏ ุนุจุฏุงูุณูุงู ุงูุตุฑุงูู
ุฃุฎุช ูุญูุฏ ููุฒู ุฏููุฏุงุฑ
ุนููุง ููุง ูู :
ุณููุฑ ุฃุญูุฏ ุฏููุฏุงุฑ
ูุนูุงุฏ ุฃุญูุฏ ุฏููุฏุงุฑ
ููุญุฑูุณ ุฃุญูุฏ ุฏููุฏุงุฑ

ูุงูุจูุงุก ูุงูุฏูุงู ููู ูุดูุฑ ุงููู ุณุนููู ุฌููุนุงู.",,1,2022-05-11 06:46:20.122008,2022-05-11 06:46:20.122008
157,"ุจุณู ุงููู ุงูุฑุญูู ุงูุฑุญูู
ุฅูุง ููู ูุฅูุง ุฅููู ุฑุงุฌุนูู
ุชูููุช ุงูููู ุงูุฃุฑุจุนุงุก
ุงูููุงูู 11/5/2022
ุฅูู ุฑุญูุฉ ุงููู ุชุนุงูู
ูุงุฌุฏุฉ ูุญููุฏ ุฌุงุฏ
ุฒูุฌุช ุงููุฑุญูู/ูุงุฑูู ุณูุฏ ุฃุจูุฑุฌุจ
ุฒูุฌุช ุฃุฎู ุงูุฃุณุชุงุฐ/ููุงู ุณูุฏ ุฃุจูุฑุฌุจ
ูุงูุฏููุฉ ุจุนุฏ ุตูุงุฉ ุงูุธูุฑ
ูุงูุตูุงุฉ ุนูููุง ูู ูุณุฌุฏ ุงูุฑุญูุฉ
ูุงูุจูุงุก ูุงูุฏูุงู ููู ูุดูุฑ ุงููู ุณุนููู ุฌููุนุงู.",,1,2022-05-11 08:51:37.943014,2022-05-11 08:51:37.943014
158,"ุจุณู ุงููู ุงูุฑุญูู ุงูุฑุญูู
ุฅูุง ููู ูุฅูุง ุฅููู ุฑุงุฌุนูู
ุชูููุช ุงูููู ุงูุฃุฑุจุนุงุก
ุงูููุงูู 11/5/2022
ุฅูู ุฑุญูุฉ ุงููู ุชุนุงูู
ูุงุทูุฉ ูุญูุฏ ููู
ุฒูุฌุช/ุฅุจุฑุงููู ูุงุฑูู ุญูุงูุฉ
#ุญูุงูุง #ูุงูุฏ_ุฒูุฌูุง ุงูุฃุณุชุงุฐ/ ูุงุฑูู ุญูุงูุฉ
#ุฒูุฌุฉ_ุฃุฎู_ููุง_ู
ุฃุฎููุง ุงูุงุณุชุงุฐ // ูุญูุฏ ูุงุฑูู ุญูุงูุฉ
ุฃุญูุฏ ูุงุฑูู ุญูุงูุฉ
ูุญููุฏ ูุงุฑูู ุญูุงูุฉ
#ุงูุฏููุฉ_ุจุนุฏ ุตูุงุฉ ุงูุนุตุฑ
#ุงูุตูุงู ุนูููุง ูู ูุณุฌุฏ ุงูุฑุญูุฉ ุจุฌูุงุฑ ุงูููุงุจุฑ
ูุงูุจูุงุก ูุงูุฏูุงู ููู ูุดูุฑ ุงููู ุณุนููู ุฌููุนุงู.",,1,2022-05-11 13:15:07.455513,2022-05-11 13:15:07.455513
171,"ูุจุฏุฃ ุจุงุณู ุงููู 
ุนุฑูุถ ูุนุงูู ุฏุงุฑ ุงูุดูุงุก ุจูุฑุนููุง ุจุงุฌููุฑ ุงููุจุฑู 
ุฎูุตูุง ุฑูุถุงู ูุงูุนูุฏ ุจุฎูุฑ ูุงูุญูุฏููู 
ุฏุงุฎููู ุนู ุงูุชุญุงูุงุช ุงุนุฏุงุฏู ูุซุงููู ูุฌุงูุนุฉ 
ุญุงุณุณ ุจุฏูุฎู ุงู ุตุฏุงุน ุงู ุฒุบููู ูู ุนููู 
ุญุงุณุณ ุจููุฏุงู ูู  ุฌุณูู 
ุฃูู ุดุฏูุฏ ูู ุงููุนุฏุฉ 
ุงุญุณุงุณ ุจุงูุชุฑุฌูุน
ููู ุฏู ุจููุฏุฑ ูุดุฎุตู ุจุนุฑุถูุง ุงูุฌุจุงุฑ 
ููู 
ููู 
ููู 
ุชุญููู ุงูุณูุฑ ุจุงูุฏู ูุฌุงูุง 
ุชุญููู ุงูุฃููููุง ูฅ ุฌููู ููุท 
ุชุญููู ุฌุฑุซููุฉ ุงููุนุฏู ุจ ูคู ุฌููู ููุท 
ุฎุตู ูคู % ุนูู ุฌููุน ุฃููุงุน ุงูุชุญุงููู ุงูุทุจูู 
ุงูุนุฑุถ ุณุงุฑู  ุงูุฌูุนุฉ ูุงูุณุจุช ุงูููุงูู ูฅ/ูขู&ูฅ/ูขูก
ูุชุฌูุด ููุญุฏู ูุงุช ูุนุงู ุงุฎูู ุงุฎุชู ุฒูุฌุชู ุงุจูู ุฌูุฑุงูู 
ุงู ุญุฏ ุนุงูุฒ ูุทูู ุนู ููุณู ูุฑูุญ ูุนุงูู ุฏุงุฑ ุงูุดูุงุก
 ุจุงุฌููุฑุงููุจุฑู 
ูุนุงูู ุฏุงุฑ ุงูุดูุงุก ูุด ุจุณ ูุฌุฑุฏ ูุนูู
ุจูุญุงูู ูุณุงุนุฏู ููุทููู ุนู ุงููุชูุฌู 
ูููุงู ุงุฑุฎุต ุณุนุฑ ูู ุงูุจูุฏ ูุงุถูู ูุชูุฌุฉ ุจุนูู ุงููู

ููุงุนุฏููุง ููููุง ูู ูกุงูุธูุฑ ุงูู ูกูก ูุณุงุก
ุงูุนููุงู :
ูุฑุน ูก
ุงุฌููุฑ ุงููุจุฑู ุงูุงู ูุฑูุฒ ุงูุดุจุงุจ ุงุนูู ูุญู ุงูุญูููุงุช ุจุฌูุงุฑ ุงููุงุฏ ุนูุจู
ูุฑุน ูข:
ุงุฌููุฑุงููุจุฑู ุจุฌูุงุฑ ูุณุฌุฏ ุงููุฌุงุฑ ุงุณูู ุนูุงุฏุฉ ุฏูุชูุฑ ูุญูุฏ ุดููู ุจุฌูุงุฑ ูุฑูุจ ุงูุณูุทุงู

ุชููููู : 01283697284",216,1,2022-05-19 11:12:20.444867,2022-05-19 11:12:20.444867
172,"ุจุณู ุงููู ุงูุฑุญูู ุงูุฑุญูู
ุฅูุง ููู ูุฅูุง ุฅููู ุฑุงุฌุนูู
ุชูููุช ุงูููู ุงูุฎููุณ
ุงูููุงูู 19/5/2022
 ุฅูู ุฑุญูู ุงููู ุชุนุงูู
ุฒูุฌุฉ ุงูุญุงุฌ/ ุนุจุฏุงูุบูู ุฑุฒูู
ูุงูุฏุฉ ุงููููุฏุณ/ุฃุณุงูู ุฑุฒูู
ูุญููุงุฉ ุงูุฃุณุชุงุฐ/ูุงูู ุงูุณุนุฏุงูู
Hany Elsadawy 
ูุงูุฏููุฉ ุบุฏุงู ุจุนุฏ ุตูุงุฉ ุงูุฌูุนุฉ
ูุงูุฏููุฉ ูู ููุงุจุฑ ุงูุนุงุฆูุฉ ุจุฃูุชูุจุฑ
ูุงูุนุฒุงุก ุบุฏุงู ุจุนุฏ ุตูุงู ุงููุบุฑุจ
ุจุดุงุฑุน ูุฑูุณุชุงู ุนุตููุฑ ุจุดุจุฑุง ุงูุฎููุฉ
ูุงูุจูุงุก ูุงูุฏูุงู ููู ูุดูุฑ ุงููู ุณุนููู ุฌููุนุงู.",216,1,2022-05-19 16:59:41.370036,2022-05-19 16:59:41.370036
174,"ุจุณู ุงููู ุงูุฑุญูู ุงูุฑุญูู
ุฅูุง ููู ูุฅูุง ุฅููู ุฑุงุฌุนูู
ุชููู ุงูููู ุงูุณุจุช
ุงูููุงูู /21/5/2022
ุฅูู ุฑุญูุฉ ุงููู ุชุนุงูู
ุงูุญุงุฌ/ุงูุณูุฏ ุดุฏูุฏ ุงูุณูุณู
ูุงูุฏ ุงูุฃุณุชุงุฐ/ูุญูุฏุงูุณูุฏ ุงูุณูุณู
ูุฃุฎู ููุง ูู:
ุงููุฑุญูู ุงูุญุงุฌ/ุณูุงูุฉ ุดุฏูุฏ ุงูุณูุณู
ูุงููุฑุญูู ุงูุญุงุฌ/ุนุจุฏุงููู ุดุฏูุฏ ุงูุณูุณู
ูุงูุญุงุฌ/ููุงู ุดุฏูุฏ ุงูุณูุณู
ูุงูุฃุณุชุงุฐ/ุญูุฏู ุดุฏูุฏ ุงูุณูุณู
ูุงูุฏููุฉ ุจุนุฏ ุตูุงุฉ ุงูุนุตุฑ
ูุงูุตูุงุฉ ุนููู ูู ุงูุฌุงูุน ุงููุจูุฑ
ูุงูุจูุงุก ูุงูุฏูุงู ููู ูุดูุฑ ุงููู ุณุนููู ุฌููุนุงู.",1,1,2022-05-21 10:04:14.133803,2022-05-21 10:04:14.133803
175,"ุจุณู ุงููู ุงูุฑุญูู ุงูุฑุญูู
ุฅูุง ููู ูุฅูุง ุฅููู ุฑุงุฌุนูู
ุชููู ุงูููู ุงูุฎููุณ
ุงูููุงูู 21/5/2022
ุฅูู ุฑุญูุฉ ุงููู ุชุนุงูู
ูุญููุฏ ุฑูุนุช ูุญุจูุจ
ุฃุฎู ููุง ูู :
ุฃุญูุฏ ุฑูุนุช ูุญุจูุจ
ูุญุณููู ุฑูุนุช ูุญุจูุจ
ููุญูุฏ ุฑูุนุช ูุญุจูุจ
ูุงุจู ุฃุฎู ููุง ูู:
ุงูุญุงุฌ/ุดูุฑู ูุญุจูุจ
ุงููุฑุญูู ุงูุญุงุฌ/ุฅุณูุงุนูู ูุญุจูุจ
ูุงููุฑุญูู ุงูุญุงุฌ/ุญูุฏู ูุญุจูุจ
ูุงูุญุงุฌ/ุตูุงุญ ูุญุจูุจ
ูุงูุฏููุฉ ูุณุงูุฉ ุงูุฌูุงุฒ
ูุงูุตูุงุฉ ุนููู ูู ูุณุฌุฏ ุงูุฑุญูุฉ ุจุฌูุงุฑ ุงูููุงุจุฑ
ูุงูุจูุงุก ูุงูุฏูุงู ููู ูุดูุฑ ุงููู ุณุนููู ุฌููุนุงู.",1,1,2022-05-21 10:54:49.625632,2022-05-21 10:54:49.625632
176,"ุชู ุฎุฑูุฌ ุงููุบููุฑ ูู ุจุฅุฐู ุงููู
ูุญููุฏ ุฑูุนุช ูุญุจูุจ
ูู ุงููุณุชุดูู ุจููุง ููู ุทุฑููุฉ ููููุงุจุฑ
ุฅููู ูู ุฑุบุจุฉ ูู ุชุดููุน ุงูุฌูุงุฒุฉ ูุญุถุฑ ุงูุงู
ูุงูุฏููุฉ ูุณุงูุฉ ูููุตูู.",216,1,2022-05-21 12:06:14.170555,2022-05-21 12:06:14.170555
177,"ุตูุฏููุฉ / ุฏูุชูุฑุฉ ุฅููุงู ููุฒู ุงูุดูุฎ 
ุฃุฌููุฑ ุงููุจุฑู - ุงูุฏูุงุดุฉ - ุจุฌูุงุฑ ูุญู ุณูู ุงูุนุตุฑ 
ุงูุตูุฏููุฉ ุจุชููุฑ ุฎุฏูุฉ ุงูุชูุตูู ูุฌุงูู ุจุชุตูุฑ ุงูุฑูุดุชุฉ ูุชุจุนุชูุงููุง ุนูู ุงููุงุชุณ .
ูู ุญุงูุฉ ุงูุทูุงุฑุฆ ุจุนุฏ ููุชุตู ุงูููู ูุงูู ุงูุตูุฏููุฉ ูุชูุงุฌุฏ ุจููุณ ุงูููุฒู ุชูุงุตู ูุนุงูุง ุนูู ุงูุฑูู ุฏู 01015310474. ",,1,2022-05-21 21:49:38.526226,2022-05-21 21:49:38.526226
178,"ุจุณู ุงููู ุงูุฑุญูู ุงูุฑุญูู
ุฅูุง ููู ูุฅูุง ุฅููู ุฑุงุฌุนูู
ุชูููุช ุงูููู ุงูุฅุซููู
ุงูููุงูู 23/5/2022
ุฅูู ุฑุญูุฉ ุงููู ุชุนุงูู
ุงูุญุงุฌู /ุตุจุงุญ ุดููู ุงูุนุฏุณ 
ุฃุฎุช ููุง ูู :
ุญุณู ุดููู ุงูุนุฏุณ 
ููุญูุฏ ุดููู ุงูุนุฏุณ
ููุตุทูู ุดููู ุงูุนุฏุณ
ูุฃุญูุฏ ุดููู ุงูุนุฏุณ 
ูุงูุฏููู ุจุนุฏ ุตูุงุฉ ุงูุธูุฑ
ูุงูุตูุงู ุนูููุง ูู ูุณุฌุฏ ุฃุจู ุฏุดูุด
ูุงูุจูุงุก ูุงูุฏูุงู ููู ูุดูุฑ ุงููู ุณุนููู ุฌููุนุงู.",216,1,2022-05-23 05:03:00.519989,2022-05-23 05:03:00.519989
179,"ุจุณู ุงููู ุงูุฑุญูู ุงูุฑุญูู
ุฅูุง ููู ูุฅูุง ุฅููู ุฑุงุฌุนูู
ุชููู ุงูููู ุงูุฅุซููู
ุงูููุงูู 23/5/2022
ุฅูู ุฑุญูุฉ ุงููู ุชุนุงูู
ุงูุญุงุฌ/ุฑูุถุงู ุนุจุฏุงููู ุงููุนูุงุนู
ุฃุฎู ููุง ูู:
ุงููุฑุญูู/ูุญูุฏ ุนุจุฏุงููู ุงููุนูุงุนู
ูุงููุฑุญูู/ุฅูุงู ุนุจุฏุงููู ุงููุนูุงุนู
ูุณูุฏ ุนุจุฏุงููู ุงููุนูุงุนู
ูุงูุฏ ููุง ูู:
ูุญูุฏ ุฑูุถุงู ุงููุนูุงุนู
ูุญุณู ุฑูุถุงู ุงููุนูุงุนู
ูุนู ููุง ูู:
ูุญููุฏ ุฅูุงู ุงููุนูุงุนู
ููุญูู ุฅูุงู ุงููุนูุงุนู
ูุญูุงุฏู ุฅูุงู ุงููุนูุงุนู
ูุงูููุงุฉ ูู ูุตุฑ
ููุญู ุงูุขู ูู ุงูุฅูุชุธุงุฑ
ูุงูุตูุงุฉ ุนููู ูู ุงูุฌุงูุน ุงููุจูุฑ
ูุงูุจูุงุก ูุงูุฏูุงู ููู ูุดูุฑ ุงููู ุณุนููู ุฌููุนุงู.",1,1,2022-05-23 16:12:27.941738,2022-05-23 16:12:27.941738
180,"ุจุณู ุงููู ุงูุฑุญูู ุงูุฑุญูู
ุชูููุช ุงูููู ุงูุงุฑุจุนุงุก ุงูููุงูู 25/5/2022ุงูู ุฑุญูุฉ ุงููู ุชุนุงูู
ุงูุญุงุฌู ุฎุฏูุฌู ุนุจุฏุงููู ุบุฑุงุจ 
ุฒูุฌุฉ ุงููุฑุญูู ุงูุญุงุฌ ุทู ุนูู ุนูุงุฏ ุดุฑู
ููุงูุฏุฉ ููุง ูู
ุงูุงุณุชุงุฐ ุงููู ุทู ุดุฑู 
ูุงูุงุณุชุงุฐ ูุณุฑู ุทู ุดุฑู 
ูุงุฎุช ููุง ูู
ุงููุฑุญูู ุงูุญุงุฌ ุงุฏุฑูุณ ุนุจุฏุงููู ุบุฑุงุจ 
ูุงููุฑุญูู ุงูุญุงุฌ ูุงุณูู ุนุจุฏุงููู ุบุฑุงุจ
ูุงูุฏููุฉ ุฅู ุดุงุก ุงููู ุบุฏุง ุงูุฎููุณ ุงูุณุงุนู 10ุตุจุงุญุง 
ูุงูุตูุงู ุนูููุง ูู ุงูุฌุงูุน ุงููุจูุฑ
ูุงูุจูุงุก ููู.",11,1,2022-05-25 21:46:39.410937,2022-05-25 21:46:39.410937
181,"ุจุณู ุงููู ุงูุฑุญูู ุงูุฑุญูู
ุฅูุง ููู ูุฅูุง ุฅููู ุฑุงุฌุนูู
ุชูููุช ุงูููู ุงูุฎููุณ
ุงูููุงูู 26/5/2022
ุฅูู ุฑุญูุฉ ุงููู ุชุนุงูู
ุงูุญุงุฌุฉ/ุฃูุงู ุดููู ุงูุฒูุงุช
ุฒูุฌุฉ ุงูุญุงุฌ/ุฌูุงู ุงูุณูุฏ ุงูุนููุฑู
ุฃุฎุช ููุง ูู:
ุงูุญุงุฌ/ูุญูุฏ ุดููู ุงูุฒูุงุช
ูุงูุญุงุฌ/ุณุนูุฏ ุดููู ุงูุฒูุงุช
ูุงูุฃุณุชุงุฐ/ุญุณู ุดููู ุงูุฒูุงุช
ูุงูุฃุณุชุงุฐ/ูุฌุฏู ุดููู ุงูุฒูุงุช
ูุงูููุงุฉ ูู ูุตุฑ
ูุงูุฏููุฉ ุจุนุฏ ุตูุงุฉ ุงูุธูุฑ
ูุงูุตูุงุฉ ุนูููุง ูู ูุณุฌุฏ ุงูุฑุญูุฉ 
ูุดุฑุจ ุงููููุฉ ูู ูุถููุฉ ุฏุฑุจ ุงูููุฏู
ูุงูุจูุงุก ูุงูุฏูุงู ููู ูุดูุฑ ุงููู ุณุนููู ุฌููุนุงู.",216,1,2022-05-26 07:03:35.881813,2022-05-26 07:03:35.881813
182,"ุจุณู ุงููู ุงูุฑุญูู ุงูุฑุญูู
ุฅูุง ููู ูุฅูุง ุฅููู ุฑุงุฌุนูู
ุชูููุช ุงูููู ุงูุณุจุช
ุงูููุงูู 28/5/2022
ุฅูู ุฑุญูุฉ ุงููู ุชุนุงูู
ุงูุญุงุฌุฉ/ูุงูู ุนุจุฏุงููู ุนูุณู ุฃุจูุนูุณู
ุฒูุฌุฉ ุงูุญุงุฌ/ุฅุจุฑุงููู ุงูุณูุฏ ุนูุณู
ูุงูุฏุฉ ููุง ูู:
ุญุณู ุฅุจุฑุงููู ุนูุณู
ูุนุจุฏุงูุฑุญูู ุฅุจุฑุงููู ุนูุณู
ููุญูุฏ ุฅุจุฑุงููู ุนูุณู
ูุงูุฏููุฉ ุจุนุฏ ุตูุงุฉ ุงูุนุตุฑ
ูุงูุตูุงุฉ ุนูููุง ูู ูุณุฌุฏ ุงูุตุฏูู
ูุงูุจูุงุก ูุงูุฏูุงู ููู ูุดูุฑ ุงููู ุณุนููู ุฌููุนุงู.",216,1,2022-05-28 09:32:47.953465,2022-05-28 09:32:47.953465
183,"ุจุณู ุงููู ุงูุฑุญูู ุงูุฑุญูู
ุฅูุง ููู ูุฅูุง ุฅููู ุฑุงุฌุนูู
ุชููู ุงูููู ุงูุฃุญุฏ
ุงูููุงูู 29/5/2022
ุฅูู ุฑุญูุฉ ุงููู ุชุนุงูู
 ุงูุญุงุฌ/ุตูุงุญ ูุญูุฏ ุตุงูุญ
ุฃุฎู ุงููุฑุญูู ุงูุญุงุฌ/ุฏุงูุฏ ูุญูุฏ ุตุงูุญ
ูุงูุญุงุฌ/ูุงุตุฑ ูุญูุฏ ุตุงูุญ
ูุณูุงูุฉ ูุญูุฏ ุตุงูุญ
ูุนู ููุง ูู :
ุงูุฃุณุชุงุฐ/ุฃุญูุฏ ุฏุงูุฏ ุตุงูุญ
ูุงูุฃุณุชุงุฐ/ูุญูุฏ ุฏุงูุฏ ุตุงูุญ
ููุญููุฏ ุฏุงูุฏ ุตุงูุญ
ูุทู ุฏุงูุฏ ุตุงูุญ
ููุตุทูู ุฏุงูุฏ ุตุงูุญ
ูุงูููุงุฉ ูู ุงูุญุณูู ุจุงููุงูุฑุฉ
ูุงูุฏููุฉ ุจุนุฏ ุตูุงุฉ ุงูุธูุฑ #ุจุงููุญูุฉ_ุงููุจุฑู
ูุงูุจูุงุก ูุงูุฏูุงู ููู ูุดูุฑ ุงููู ุณุนููู ุฌููุนุงู.",216,1,2022-05-29 07:51:08.890006,2022-05-29 07:51:08.890006
190,"ุจุณู ุงููู ุงูุฑุญูู ุงูุฑุญูู 
ุชููู ุงูููู ุงูุซูุงุซุงุก ุงูููุงูู ูง/ูฆ/ูขููขูขุงูู ุฑุญูุฉ ุงููู ุชุนุงูู 
ุฎุงูุฏ ุนุฒุช ูุญุฌูุจ 
ุนู ููุง ูู
 ุฑูุนุช ูุญุฌูุจ 
ููุญูุฏ ูุญุฌูุจ 
ูุงูุฏููู ุจุนุฏ ุตูุงุฉ ุงูุนุดุงุก
ูุงูุตูุงู ุนููู ูู ูุณุฌุฏ ุงูุฑุญูุฉ ุจุฌูุงุฑ ุงูููุงุจุฑ
ูุงูุจูุงุก ููู",,1,2022-06-07 17:09:08.996772,2022-06-07 17:09:08.996772
191,"ุจุณู ุงููู ุงูุฑุญูู ุงูุฑุญูู
ุฅูุง ููู ูุฅูุง ุฅููู ุฑุงุฌุนูู
ุชููู ุงูููู ุงูุฃุฑุจุนุงุก
ุงูููุงูู 8/6/2022
ุฅูู ุฑุญูุฉ ุงููู ุชุนุงูู
ุงูุณูุฏ ุฃุญูุฏ ุฃุจูุนุงุดูุฑ 
ุฅุจู ุนู ููุง ูู :
ุงูุญุงุฌ/ุนุจุฏุงูููุตู ุฃุจูุนุงุดูุฑ 
ูุงูุฃุณุชุงุฐ/ ุณุนูุฏ ุงุจู ุนุงุดูุฑ
ููุงูุฏ ููุง ูู :
ูุงูู ุงูุณูุฏ ุฃุจูุนุงุดูุฑ 
ููุงุณุฑ ุงูุณูุฏ ุฃุจูุนุงุดูุฑ 
ูุนุตุงู ุงูุณูุฏ ุฃุจูุนุงุดูุฑ
ูุฎุงูุฏ ุงูุณูุฏ ุฃุจูุนุงุดูุฑ
ูุงูุฏููุฉ ุจุนุฏ ุตูุงุฉ ุงูุนุตุฑ 
ูุงูุตูุงู ุนููู ูู ุงูุฌุงูุน ุงููุจูุฑ
ูุดุฑุจ ุงููููุฉ ูู ูุถููุฉ ุฏุฑุจ ุงูููุฏู
ูุงูุจูุงุก ูุงูุฏูุงู ููู ูุดูุฑ ุงููู ุณุนููู ุฌููุนุงู.",216,1,2022-06-08 11:51:29.154047,2022-06-08 11:51:29.154047
184,"ุจุณู ุงููู ุงูุฑุญูู ุงูุฑุญูู
ุฅูุง ููู ู ุงูุง ุงููู ุฑุงุฌุนูู
ุชููู ุงูููู ุงูุณุจุช
ุงูููุงูู 4/6/2022
ุงูุญุงุฌ ุทู ูููู ุงูุนูููู
ุนููุฏ ูุนู ูุฌุฏ ุนุงุฆูุฉ ุงูุนูููู ุจุฃุฌููุฑ ุงููุจุฑู
ูุงูุฏ ูู ูู :
ุงูุงุณุชุงุฐ ูุญูุฏ ุทู ุงูุนูููู
ุงููููุฏุณ ูุญููุฏ ุทู ุงูุนูููู
ุงูุงุณุชุงุฐ ุงุญูุฏ ุทู ุงูุนูููู 
ุงุจู ุนู ุงูุญุงุฌ ูุญูุฏ ุนุจุฏ ุงูุญููุฏ ุงูุนูููู
ูุนู ุงูุฏูุชูุฑ ูุตูู ุญููุงูู ุงูุนูููู
ุงูุฏููุฉ ุจุนุฏ ุตูุงุฉ ุงูุธูุฑ ูุจุงุดุฑุฉ ุจุงูุฌุงูุน ุงููุจูุฑ 
ูุดุฑุจ ุงููููุฉ ุจูุถููุฉ ุฏุฑุจ ุงูููุฏู 
ูุงูุจูุงุก ูุงูุฏูุงู ููู.",11,1,2022-06-04 02:02:51.672866,2022-06-04 02:05:25.994241
185,"ุจุณู ุงููู ุงูุฑุญูู ุงูุฑุญูู
ุฅูุง ููู ูุฅูุง ุฅููู ุฑุงุฌุนูู
ุชูููุช ุงูููู ุงูุณุจุช
ุงูููุงูู 4/6/2022
ุฅูู ุฑุญูุฉ ุงููู ุชุนุงูู
ุงูุญุงุฌุฉ/ ุตุจูุฑุฉ
ุฒูุฌุฉ ุงูุฃุณุชุงุฐ/ ุนุจุฏุงูููุนู ุบุฑุงุจ
ุฒูุฌุฉ ุฃุฎู ุงูุฃุณุชุงุฐ/ุนูุงุฏ ุบุฑุงุจ
ูุงูุฏููุฉ ูุณุงูุฉ ุงูุฌูุงุฒ
ูุงูุจูุงุก ูุงูุฏูุงู ููู ูุดูุฑ ุงููู ุณุนููู ุฌููุนุงู.",11,1,2022-06-04 12:02:01.619305,2022-06-04 12:02:01.619305
186,"ุจุณู ุงููู ุงูุฑุญูู ุงูุฑุญูู
ุฅูุง ููู ูุฅูุง ุฅููู ุฑุงุฌุนูู
ุชููู ุงูููู ุงูุณุจุช
ุงูููุงูู4/6/2022
ุฅูู ุฑุญูุฉ ุงููู ุชุนุงูู
ูุฑู ููุงู ุงูุฎููู
ุฅุจู ุนู ููุง ูู:
ุงูุญุงุฌ/ุณุนูุฏ ุงูุฎููู
ูุงูุญุงุฌ/ุนุจุฏุงููู ุงูุฎููู
ูุงูุญุงุฌ/ุญูุฏู ุงูุฎููู
ูุงูุญุงุฌ/ุนุตุงู ุงูุฎููู
ูุงูุญุงุฌ/ุญุณู ุงูุฎููู
ูุงูุญุงุฌ/ูุญููุฏ ุงูุฎููู
ูุงูููุงุฉ ูู ูุตุฑ
ูุงูุฏููุฉ ูุณุงูุฉ ุงููุตูู
ูุงูุตูุงุฉ ุนููู ูู ูุณุฌุฏ ุงูุฑุญูุฉ
ูุงูุจูุงุก ูุงูุฏูุงู ููู ูุดูุฑ ุงููู ุณุนููู ุฌููุนุงู.",216,1,2022-06-04 19:15:59.081553,2022-06-04 19:15:59.081553
187,"ุจุณู ุงููู ุงูุฑุญูู ุงูุฑุญูู
ุฅูุง ููู ูุฅูุง ุฅููู ุฑุงุฌุนูู
ุชูููุช ุงูููู ุงูุฃุญุฏ
ุงูููุงูู 5/6/2022
ุฅูู ุฑุญูุฉ ุงููู ุชุนุงูู
ููุงุก ูุญููุฏ ุฃุจู ุณุนูุฏ 
ุฒูุฌู /ูุญูุฏ ุฃุจู ุณูุฉ
ูุฃุฎุช ุงููููุฏุณ/ูุญูุฏ ูุญููุฏ ุฃุจูุณุนูุฏ
ุนููุง ููุง ูู:
ุนุฒูุฒ ุฃุจู ุณุนูุฏ 
ูุตูุงุญ ุฃุจู ุณุนูุฏ 
ููุญูุฏ ุฃุจู ุณุนูุฏ 
ูุนุจุฏู ุฃุจู ุณุนูุฏ 
ูุฃุญูุฏ ุฃุจู ุณุนูุฏ
ูุงูุฏููุฉ ุบุฏุง ุงู ุดุงุก ุงููู ุงูุณุงุนู ูกูุตุจุงุญุง 
ูุงูุจูุงุก ูุงูุฏูุงู ููู ูุดูุฑ ุงููู ุณุนููู ุฌููุนุงู.",1,1,2022-06-05 21:34:02.068581,2022-06-05 21:34:02.068581
188,"ุจุณู ุงููู ุงูุฑุญูู ุงูุฑุญูู
ุฅูุง ููู ูุฅูุง ุฅููู ุฑุงุฌุนูู
ุชูููุช ุงูููู ุงูุซูุงุซุงุก
ุงูููุงูู 7/6/2022
ุฅูู ุฑุญูุฉ ุงููู ุชุนุงูู
ุฃููุฑู ุจูุฏุฑ ุนุจุฏุงูุธุงูุฑ 
ุฒูุฌุฉ/ุตูุงุญ ุนุจุฏุงูุณููุน ุงูุฏูุจู
ูุฃุฎุช ุงูุฏูุชูุฑ/ูุงุณุฑ ุจุฏุฑ ุนุจุฏุงูุธุงูุฑ 
ูุงูููุงู ูุงูุฏููุฉ ูู ุงูููููุฉ ุงูุนุฑุจูุฉ ุงูุณุนูุฏูุฉ
ูุงูุจูุงุก ูุงูุฏูุงู ููู ูุดูุฑ ุงููู ุณุนููู ุฌููุนุงู.",216,1,2022-06-07 06:44:25.772009,2022-06-07 06:44:25.772009
189,"ุจุณู ุงููู ุงูุฑุญูู ุงูุฑุญูู
ุฅูุง ููู ูุฅูุง ุฅููู ุฑุงุฌุนูู
ุชูููุช ุฅูู ุฑุญูุฉ ุงููู ุชุนุงูู ุงูููู ุงูุซูุงุซุงุก ุงูููุงูู 7/6/2022 
ุงูููุงูู 8 ุฐู ุงููุนุฏู 1443
ุงูุญุงุฌู /ุดุงููุฉ ุนูู ุนุซูุงู ุฏุฑููู
ูุงูุฏุฉ ููุง ูู:
ุฌูุงู ูุญูุฏ ููุตูุฑ 
ุนุฑุจู ุงุจู ููุฑุฉ
ููุงู ุงุจู ููุฑุฉ
ุฌุฏุฉ ููุง ูู:
ุงุญูุฏ ุฅุณูุงุนูู ููุตูุฑ
ุนุจุฏุงููุชุงุญ ุฌูุงู ููุตูุฑ
ุงุญูุฏ ุฌูุงู ููุตูุฑ
ุงูุฏููุฉ ุจุนุฏ ุตูุงุฉ ุงูุนุตุฑ 
ูุงูุตูุงุฉ ุนูููุง ูู ูุณุฌุฏ ุงูููุฑ
ูุงูุจูุงุก ูุงูุฏูุงู ููู",11,1,2022-06-07 12:20:16.301322,2022-06-07 12:20:16.301322
208,"ุจุณู ุงููู ุงูุฑุญูู ุงูุฑุญูู
ุฅูุง ููู ูุฅูุง ุฅููู ุฑุงุฌุนูู
ุชููู ุงูููู ุงูุณุจุช
ุงูููุงูู 2/7/2022
ุฅูู ุฑุญูุฉ ุงููู ุชุนุงูู 
ุงูุญุงุฌ/ุนุจุฏุงูุนููู ุนูุณู 
ูุดูุฑุชู ุงูุญุงุฌ/ุนุจูุฏู ุนูุณู
ูุงูุฏ ููุง ูู:
ูุญูุฏ ุนุจุฏุงูุนููู ุนูุณู
ูุฅุจุฑุงููู ุนุจุฏุงูุนููู ุนูุณู
ููุญู ุงูุขู ูู ุงูุฅูุชุธุงุฑ 
ูุงูุจูุงุก ูุงูุฏูุงู ููู ูุดูุฑ ุงููู ุณุนููู ุฌููุนุงู.",216,1,2022-07-02 17:40:46.938853,2022-07-02 17:40:46.938853
209,"ุงููุบููุฑ ูู ุจุฅุฐู ุงููู 
 ุงูุญุงุฌ/ุนุจูุฏู ุนูุณู
ูู ุทุฑููุฉ ููุณุฌุฏ ุงูุฑุญูุฉ
ูุงูุตูุงู ุนููู ุจุนุฏ ุฑุจุน ุณุงุนุฉ ูู ุงูุฃู
ูุงูุจูุงุก ูุงูุฏูุงู ููู ูุดูุฑ ุงููู ุณุนููู ุฌููุนุงู.",216,1,2022-07-02 22:29:52.014931,2022-07-02 22:29:52.014931
195,"ูููุง ุนู ุตูุญุฉ ุงููุงุฆุจ ุงูุฏูุชูุฑ ูุตูู ุงูุนูููู

ุจูุงุกู ุนูู ุงูุฅูุชุฑุงุญ ุจุฑุบุจุฉ ุงูููุฏู ูู ุงููุงุฆุจ ุงูุฏูุชูุฑ ูุตูู ุญููุงูู ุงูุนูููู ูุงูุฐู ุชู ููุงูุดุชู ุจุฎุตูุต #ููุชุจุฉ_ุงูุทูู ุจูุฑูุฉ #ุฃุฌููุฑ_ุงููุจุฑู ุญูู ุนุฏู ุชุดุบูููุง ูุงูุงุณุชูุงุฏุฉ ูููุง ุ ูุฃูุตุช ุงููุฌูู ุจุนุฏ ุงูููุงูุดู ุจุงูุขุชู :-

ูก- ูุฎุงุทุจุฉ ุงูุณูุฏ #ูุญุงูุธ_ุงูููููุจูุฉ ุจูุชุญ ุชุญููู ููุณุน ูููุณุคูููู ููุฐ ูุชุฑุฉ ุฅูุดุงุก ุงูููุชุจุฉ ูุดุจูุฉ ูุฌูุฏ ุฅูุฏุงุฑ ูููุงู ุงูุนุงู.

ูข- ุชุนุฏูู ูุฑุงุฑ ุงูุชุฎุตูุต ูุตุงูุญ #ุงูููุฆุฉ_ุงูุนุงูุฉ_ููุตูุฑ_ุงูุซูุงูุฉ ุจุฏูุง ูู #ุตูุฏูู_ุงูุชูููุฉ_ุงูุซูุงููุฉ.

ูฃ- ุณุฑุนุฉ ุฅุณุชุนุงุฏุฉ ูุฐุฉ ุงูููุชุจุฉ ูููุงุฑุฉ ุซูุงููุฉ ุชุดุน ุนููุง ููุนุฑูุฉ ูุฃุจูุงุก ูุฑูุฉ ุฃุฌููุฑ ุงููุจุฑู ูุงููุฑู ุงููุฌุงูุฑุฉ ููุง.",1,1,2022-06-13 16:09:59.836157,2022-06-13 16:09:59.836157
196,"ุจุณู ุงููู ุงูุฑุญูู ุงูุฑุญูู
ุฅูุง ููู ูุฅูุง ุฅููู ุฑุงุฌุนูู
ุชูููุช ุงูููู ุงูุฃุฑุจุนุงุก
ุงูููุงูู15/6/2022
ุฅูู ุฑุญูุฉ ุงููู ุชุนุงูู
ูุจูู ูุญูุฏ ุนุจุฏุงูุญููุฏ ุนุจุฏุฉ
ุจูุช ุฃุฎู ููุง ูู:
ุงูุทูุฎู ุนุจุฏู
ูุนุจุฏุงูุนููู ุนุจุฏู
ูุจูุช ุนู ููุง ูู:
ุงูุดุญุงุช ุนุจุฏู
ูุญูุฏู ุนุจุฏู
ูุงูููุงุฉ ูู ูุตุฑ
ููุญู ุงูุขู ูู ุงูุฅูุชุธุงุฑ
ูุงูุตูุงุฉ ุนูููุง ูู ูุณุฌุฏ ุงูุฑุญูุฉ
ูุงูุจูุงุก ูุงูุฏูุงู ููู ูุดูุฑ ุงููู ุณุนููู ุฌููุนุงู.",216,1,2022-06-15 17:22:04.125454,2022-06-15 17:22:04.125454
197,"ุจุณู ุงููู ุงูุฑุญูู ุงูุฑุญูู
ุฅูุง ููู ูุฅูุง ุฅููู ุฑุงุฌุนูู
 ุชููู ุงูููู ุงูุฎููุณ
ุงูููุงูู 16/6/2022
ุฅูู ุฑุญูุฉ ุงููู ุชุนุงูู
ุงูุญุงุฌ/ูุญูุฏ ุนุจุฏุงููุฏูุณ ุนุจุฏุงูุฎุงูู ุบุฑุงุจ 
ูุงูุฏ ููุง ูู:
ุงูุฃุณุชุงุฐ/ุญุณุงู ูุญูุฏ ุนุจุฏุงููุฏูุณ ุบุฑุงุจ
ูุงูุฃุณุชุงุฐ/ุฃุญูุฏ ูุญูุฏ ุนุจุฏุงููุฏูุณ ุบุฑุงุจ
ูุงูุฃุณุชุงุฐ/ูุญููุฏ ูุญูุฏ ุนุจุฏุงููุฏูุณ ุบุฑุงุจ
ุฃุฎู ููุง ูู :
ุงููุฑุญูู/ุทู ุนุจุฏุงููุฏูุณ ุบุฑุงุจ
ูุงููุฑุญูู /ูุณุนุฏ ุนุจุฏุงููุงุฏู
ูุงูุฏููุฉ ุบุฏุงู ุจุนุฏ ุตูุงุฉ ุงูุฌูุนุฉ
ูุงูุตูุงุฉ ุนููู ูู ุงูุฌุงูุน ุงููุจูุฑ
ูุงูุจูุงุก ูุงูุฏูุงู ููู ูุดูุฑ ุงููู ุณุนููู ุฌููุนุงู.",216,1,2022-06-16 19:31:47.579555,2022-06-16 19:31:47.579555
198,"ุจุณู ุงููู ุงูุฑุญูู ุงูุฑุญูู
ุฅูุง ููู ูุฅูุง ุฅููู ุฑุงุฌุนูู 
ุชููู ุงูููู ุงูุซูุงุซุงุก
 ุงูููุงูู 21/6/2022
ุฅูู  ุฑุญูุฉ ุงููู ุชุนุงูู
ุทุงุฑู ุงูุณุนูุฏ ุงูุดุงูู 
ุฃุฎู  ููุง ูู :
ููุฏูุญ ุงูุณุนูุฏ ุงูุดุงูู  
ููุฎุชุงุฑ ุงูุณุนูุฏ ุงูุดุงูู
ูุงูุฏููู ุจุนุฏ ุตูุงุฉ ุงูุธูุฑ
ูุงูุตูุงู ุนููู ูู ูุณุฌุฏ ุงูุญูุงููู 
ูุงูุจูุงุก ูุงูุฏูุงู ููู ูุดูุฑ ุงููู ุณุนููู ุฌููุนุงู.",216,1,2022-06-21 09:25:30.615769,2022-06-21 09:25:30.615769
199,"ุจุณู ุงููู ุงูุฑุญูู ุงูุฑุญูู 
 ุฅูุง ููู ู ุงูุง ุงููู ุฑุงุฌุนูู
 ุชูููุช ุฅูู ุฑุญูุฉ ุงููู ุชุนุงูู ุงูููู ุงูุฃุฑุจุนุงุก ูขููขูข/ูฆ/ูขูข
ุงูุญุงุฌุฉ ุนุฒุฉุงูุตูุงุญ ุงููููุฉ 
ุฃุฎุช  ุฃุญูุฏ ุงูุตูุงุญ ุงููููุฉ
ุฅุจูุฉ ุนู ููุง ูู
ุงูุดูุฎ ุจูููู ุงููููุฉ 
ุงูุดูุฎ ูุงุณุฑ ูุงุฑูู ุงููููุฉ 
ุงูุฃุณุชุงุฐ  ูุณุนุฏ ุงููููุฉ 
ุงูุฃุณุชุงุฐ ุฃููู ูุงุดู ุงููููุฉ
 ุญูุฏู  ูุงุดู ุงูููููู 
ุงูููุงู ูู ูุตุฑ
ูุงูุฏููู ุจุนุฏ ุตูุงุฉ ุงูุนุตุฑ ูุจุงุดุฑู 
ุงูุตูุงุฉ ุนูููุง ูู ูุณุฌุฏ ุงูุฑุญูุฉ ุจุฌูุงุฑ ุงูููุงุจุฑ 
ูุงูุจูุงุก ููู",,1,2022-06-22 13:13:07.690536,2022-06-22 13:13:07.690536
200,"ุจุณู ุงููู ุงูุฑุญูู ุงูุฑุญูู
ุฅูุง ููู ูุฅูุง ุฅููู ุฑุงุฌุนูู
ุชููู ุงูููู ุงูุณุจุช ุงูููุงูู 25/6/2022 ุฅูู ุฑุญูุฉ ุงููู ุชุนุงูู
ุฃุญูุฏ ูุญููุฏ ุงูุดููู ุงูุนุฑุงุจู
ุฃุฎู ููุง ูู:
ูุญูุฏูุญููุฏ ุงูุดููู ุงูุนุฑุงุจู  
ููุญููุฏูุญููุฏ ุงูุดููู ุงูุนุฑุงุจู
ููุตุทูู ูุญููุฏุงูุณููู ุงูุนุฑุงุจู
ูุนูู ููุง ูู:
ุฃุญูุฏ ุงูุนุฑุงุจู ููุญูุฏ ุณุงูู ุงูุนุฑุงุจู ูุงูุญุงุฌ/ุฑุถุง ุงูุนุฑุงุจู
ูุงูุฏููุฉ ูุณุงูุฉ ุงูุฌูุงุฒ 
ููุญู ุงูุขู ูู ุงูุฅูุชุธุงุฑ
ูุงูุตูุงุฉ ุนููู ูู ูุณุฌุฏ ุงูุฑุญูุฉ
ูุงูุจูุงุก ูุงูุฏูุงู ููู ูุดูุฑ ุงููู ุณุนููู ุฌููุนุงู.",11,1,2022-06-25 08:50:32.408116,2022-06-25 10:32:45.855589
202,"ุจุฏุฃ ุงูุบุณู ุงููุบููุฑ ูู ุจุฅุฐู ุงููู
ุฃุญูุฏ ูุญููุฏ ุงูุดููู ุงูุนุฑุงุจู
ูุงูุฏููุฉ ุงูุณุงุนุฉ ุงูุนุงุดุฑุฉ ูุณุงุกุงู
ูุงูุตูุงุฉ ุนููู ูู ูุณุฌุฏ ุงูุฑุญูุฉ ุจุฌูุงุฑ ุงูููุงุจุฑ
ุงูููู ุชูุจูู ุนูุฏู ูู ุงูุดูุฏุงุก",,1,2022-06-25 18:19:16.548369,2022-06-25 18:19:16.548369
205,"ูููุงู ูู ุตูุญุฉ ุงูุฃุณุชุงุฐ ูุญูุฏ ุนุจุฏุงููู ุงุจู ุงููุตุฑ 
ุงููุชููู ุฃุฎููุง ูุงุฆู ุตุงููู 
ูุง ุฌุงุก ูู ูู ุฎูุงู ููุงููุฉ ุชููููููุฉ ุชู ุชูุฑูุฑ ุงูุทุจ ุงูุดุฑุนู ุซู ุงูุขู ุชู ุงูุตูุงุฉ ุนููู ูู ููุจูุง ุซู ูุชู ุงูุชุญุฑู ุจุณูุงุฑุฉ ููู ุงูููุชู ุงูููุจูุฉ ุจุฑุงู ุฅูู ุงูุญุฏูุฏ ุงููุตุฑูุฉ ุซู ูุณุชูุจูู ุงูุฃูู ุจุณูุงุฑุฉ ููู ุงูููุชู ุจูููุฐ ุงูุญุฏูุฏ ุงููุตุฑูุฉ ุงูููุจูุฉ ููุชู ุฅุณุชูุงูู ุซู ูุชุฌู ุฅูู ูุณูุท ุฑุฃุณู ุงุฌููุฑุงููุจุฑู ุฅูู ููุงุจุฑ ุงุฌููุฑ ุงููุจุฑู ููุตูุงุฉ ุนููู ุซู ุชุดููุน ุฌุซูุงูู ุงูุทุงูุฑ ุงูุดุฑูู ู ุฏููู ูู ููุงุจุฑ ุนุงุฆูุชู 
ุงูุฏููุฉ ุฎูุงู ูขูค ุณุงุนุฉ ุฅูู ูฃู ุณุงุนุฉ  ูู ุงูุขู 
ุงูููู ุชูุจูู ูู ุงูุดูุฏุงุก ูุงุฑุจ ุงูุนุงูููู.",11,1,2022-06-30 18:49:09.155691,2022-06-30 18:49:09.155691
201,"ุจุณู ุงููู ุงูุฑุญูู ุงูุฑุญูู
ุชููู ุงูููู ุงูุณุจุช ุงูููุงูู ูขูฅ/ูฆ/ูขููขูข
ุงูู ุฑุญูู ุงููู ุชุนุงูู
ุงุณูุงุนูู ูุญูุฏ ุงูุญููู 
ุงุฎู ููุง ูู
ุนุงุฏู ุงูุญููู 
ููุฎุชุงุฑ ุงูุญููู 
ูุงููุฑุญูู ุตุงุฏู ุงูุญููู 
ูุงููุฑุญูู ุณุนูุฏ ุงูุญููู 
ูุงูุฏููุฉ ุจุนุฏ ุตูุงุฉ ุงูุนุตุฑ ูุจุงุดุฑู
ูุงูุตูุงู ุนููู ูู ูุณุฌุฏ ุงูููุฑ 
ูุงูุจูุงุก ููู",11,1,2022-06-25 10:31:55.734043,2022-06-25 10:31:55.734043
203,"ุจุณู ุงููู ุงูุฑุญูู ุงูุฑุญูู
ุฅูุง ููู ูุฅูุง ุฅููู ุฑุงุฌุนูู
ุชููู ุงูููู ุงูุซูุงุซุงุก
ุงูููุงูู 28/6/2022
ุฅูู ุฑุญูุฉ ุงููู ุชุนุงูู 
ูุงุฆู ุฅุณูุงุนูู ุตุงููู
ุฃุฎู ููุง ูู:
ุดุงูุฑ ุฅุณูุงุนูู ุตุงููู
ููุญููุฏ ุฅุณูุงุนูู ุตุงููู 
ูุนุจุฏุงููู ุฅุณูุงุนูู ุตุงููู 
ูุงูููุงุฉ ูู ููุจูุง
ูุงูุฏููุฉ ูุณุงูุฉ ูุตูู ุงูฺุซูุงู ุงูุจูุฏ
ูุงูุจูุงุก ูุงูุฏูุงู ููู ูุดูุฑ ุงููู ุณุนููู ุฌููุนุงู.",11,1,2022-06-28 19:13:11.220993,2022-06-28 19:13:11.220993
204,"ุชู ุงุณุชุทูุงุน ููุงู ุดูุฑ ุฐู ุงูุญุฌุฉุ ุนูู ุฃู ูููู ุงูู ุงูุงู ุงูุดูุฑ ุงูุญุฑุงู ุบุฏุงูุ ููู ุนุฑูุงุช ุงูููุงูู ููู ุงูุฌูุนุฉ 8 ูููููุ ูุนูุฏ ุงูุฃุถุญู ููู ุงูุณุจุช 9 ููููู ุฅู ุดุงุก ุงููู.
ูู ุนุงู ูุงูุชู ุจุฎูุฑ 
{ ุฐูโูฐโูููู ููููู ูุนูุธูููก ุดูุนูููฐคูููุฑู ูฑูููููู ููุฅููููููุง ููู ุชููกููู ูฑูกูููููุจู }
[ุณููุฑูุฉู ุงูุญูุฌูู: ูฃูข]",11,1,2022-06-29 18:51:59.718644,2022-06-29 18:51:59.718644
207,"ุงููุบููุฑ ูู ุจุฅุฐู ุงููู
ูุงุฆู ุฅุณูุงุนูู ุตุงููู
ูู ุทุฑููุฉ ููุณุฌุฏ ุงูุฑุญูุฉ
ูุงูุฏููุฉ ุงูุณุงุนุฉ ุงูุนุงุดุฑุฉ ุตุจุงุญุงู
ูุงูุตูุงุฉ ุนููู ูู ูุณุฌุฏ ุงูุฑุญูุฉ ุจุฌูุงุฑ ุงูููุงุจุฑ
ูุดูุฑ ุงููู ุณุนููู ุฌููุนุงู.",216,1,2022-07-02 06:35:13.604642,2022-07-02 06:35:13.604642
210,"ุจุณู ุงููู ุงูุฑุญูู ุงูุฑุญูู
ุฅูุง ููู ูุฅูุง ุฅููู ุฑุงุฌุนูู 
ุชููู ุงูููู ุงูุฅุซููู
ุงูููุงูู 4/7/2022
ุฅูู ุฑุญูุฉ ุงููู ุชุนุงูู
ุงูุญุงุฌ /ูุตูู ุญุงูุฏ ุดุฑู
ูุงูุฏ/ุญูุงุฏู ูุตูู ุดุฑู
ูุฃุฎู ุงูุญุงุฌ/ุฌูุงู ุญุงูุฏ ุดุฑู 
ูุงูููุงู ูู ูุตุฑ 
ููุญู ุงูุขู ูู ุงูุงูุชุธุงุฑ
ูุงูุจูุงุก ูุงูุฏูุงู ููู ูุดูุฑ ุงููู ุณุนููู ุฌููุนุงู.",216,1,2022-07-04 07:02:40.426607,2022-07-04 07:02:40.426607
212,"ุจุณู ุงููู ุงูุฑุญูู ุงูุฑุญูู
ุฅูุง ููู ูุฅูุง ุฅููู ุฑุงุฌุนูู 
ุชูููุช ุงูููู ุงูุซูุงุซุงุก
ุงูููุงูู 5/7/2022
 ุฅูู ุฑุญูุฉ ุงููู ุชุนุงูู
ุงูุญุงุฌุฉ/ ุฎูุฑูุฉ ุนุจุฏุงููุชุงุญ ุฏููุฏุงุฑ
ุฒูุฌุฉ ุงููุฑุญูู ุงูุญุงุฌ/ุญุณููู ุญุณู ุงูุฒูุงุช
ููุงูุฏุฉ ููุง ูู :
ุงูุญุงุฌ/ููุงู ุญุณููู ุงูุฒูุงุช
 ูุงูุฃุณุชุงุฐ /ุฌููู ุญุณููู ุงูุฒูุงุช
ูุนูุฉุงูุญุงุฌ/ูุนูู ูุตุทูู ุฏููุฏุงุฑ
ูุฒูุฌุฉ ุนู ููุง ูู:
ุงูุญุงุฌ/ุฎุงูุฏ ุญููู ุงูุฒูุงุช
ูุงูุญุงุฌ/ูุญูุฏ ุญููู ุงูุฒูุงุช
ูุงูุฃุณุชุงุฐ/ุฃุญูุฏ ุญููู ุงูุฒูุงุช
ูุงูุฏููุฉ ุบุฏุงู ุงูุณุงุนุฉ ุงูุนุงุดุฑุฉ ุตุจุงุญุงู 
ูุงูุตูุงุฉ ุนูููุง ูู ุงูุฌุงูุน ุงููุจูุฑ
ูุงูุจูุงุก ูุงูุฏูุงู ููู ูุดูุฑ ุงููู ุณุนููู ุฌููุนุงู.",216,1,2022-07-05 19:03:54.251021,2022-07-05 19:03:54.251021
213,"ุจุณู ุงููู ุงูุฑุญูู ุงูุฑุญูู
ุฅูุง ููู ูุฅูุง ุฅููู ุฑุงุฌุนูู
ุชูููุช ุงูููู ุงูุฌูุนุฉ
8/7/2022
ุฅูู ุฑุญูุฉ ุงููู ุชุนุงูู 
ุงูุญุงุฌุฉ/ุณุนุฏูุฉ ุฎููู ูุญูุฏ ุงูุนุจุงุฏู
ุฒูุฌู ุงูุญุงุฌ/ุญููุงูู ุงูุจุฑุจุฑู
ูุงูุฏุช ููุง ูู:
ุตูุงุญ ุญููุงูู ุงูุจุฑุจุฑู
ูุงูุญุงุฌ/ุฃููู ุญููุงูู ุงูุจุฑุจุฑู
ูุงูุญุงุฌ/ุนูู ุญููุงูู ุงูุจุฑุจุฑู
ุฃุฎุช ููุง ูู:
ุงูุญุงุฌ/ูุชุญู ุฎููู ุงูุนุจุงุฏู
ูุงููุฑุญูู/ ูุญูุฏ ุฎููู ุงูุนุจุงุฏู
ูุงูุฏููุฉ ูุณุงูุฉ ุงูุฌูุงุฒ
ูุงูุตูุงุฉ ุนูููุง ูู ูุณุฌุฏ ุงูุฑุญูุฉ
ูุงูุจูุงุก ูุงูุฏูุงู ููู ูุดูุฑ ุงููู ุณุนููู ุฌููุนุงู.",216,1,2022-07-08 12:18:58.711438,2022-07-08 12:18:58.711438
214,"ูู ุนุงู ูุงูุชู ุจุฎูุฑ ูุง ุฃูู ุฃุฌููุฑ  ุงููุจุฑู ุงููุฑุงู โค๏ธ
ุนูุฏูู ูุจุงุฑู ุฃุนุงุฏู ุงููู ุนูููู ุจุงูุฎูุฑ ูุงูููู ูุงูุจุฑูุงุช 
ุฃุฐูุฑูู ูููุณู ุจููุนุฏ ุตูุงุฉ ุงูุนูุฏ ุงูุณุงุนุฉ 5:26 ุตุจุงุญุงู

{ ุฐูโูฐโูููู ููููู ูุนูุธูููก ุดูุนูููฐคูููุฑู ูฑูููููู ููุฅููููููุง ููู ุชููกููู ูฑูกูููููุจู }
[ุณููุฑูุฉู ุงูุญูุฌูู: ูฃูข]",11,1,2022-07-08 21:26:48.02615,2022-07-08 21:26:48.02615
247,"ุจุณู ุงููู ุงูุฑุญูู ุงูุฑุญูู
ุฅูุง ููู ูุฅูุง ุฅููู ุฑุงุฌุนูู
ุชููู ุงูููู ุงูุณุจุช
ุงูููุงูู 9/7/2022
ุฅูู ุฑุญูุฉ ุงููู ุชุนุงูู
ุงูุญุงุฌ/ุฅุจุฑุงููู ุฃุญูุฏ ุงูุฏูุจ
ูุงูุฏ ููุง ูู:
ุงููุนูู/ุฃุญูุฏ ุฅุจุฑุงููู ุงูุฏูุจ
ูุงูุฃุณุชุงุฐ/ูุญูุฏ ุฅุจุฑุงููู ุงูุฏูุจ
ููุณุนุฏ ุฅุจุฑุงููู ุงูุฏูุจ
ูุงูุณูุฏ ุฅุจุฑุงููู ุงูุฏูุจ
ูุงูููุงุฉ ูู ุจููุง
ูุงูุฏููุฉ ุจุนุฏ ุตูุงุฉ ุงููุบุฑุจ
ูุงูุตูุงุฉ ุนููู ูู ูุณุฌุฏ ุงูุญูุงููุฉ
ูุงูุจูุงุก ูุงูุฏูุงู ููู ูุดูุฑ ุงููู ุณุนููู ุฌููุนุงู.",216,1,2022-07-09 14:34:26.9255,2022-07-09 14:34:26.9255
248,"ุจุณู ุงููู ุงูุฑุญูู ุงูุฑุญูู
ุฅูุง ููู ูุฅูุง ุฅููู ุฑุงุฌุนูู
ุชููู ุงูููู ุงูุฃุญุฏ
ุงูููุงูู 10/7/2022
ุฅูู ุฑุญูุฉ ุงููู ุชุนุงูู 
ุงูุญุงุฌ/ุฃุจูุฒูุฏ ุณููู ูุฑุฌ
ูุงูุฏ ููุง ูู:
ุงูุฃุณุชุงุฐ/ููุฏูุญ ุฃุจูุฒูุฏ ุณููู
ูุงูุฃุณุชุงุฐ/ูุญูุฏ ุฃุจูุฒูุฏ ุณููู
ูุงูุฃุณุชุงุฐ/ุนูุงุฏ ุฃุจูุฒูุฏ ุณููู
ูุงูุฃุณุชุงุฐ/ุทุงูุฑ ุฃุจูุฒูุฏ ุณููู
ูุงูุฏููุฉ ุจุนุฏ ุตูุงุฉ ุงูุธูุฑ
ูุงูุตูุงุฉ ุนููู ูู ุงูุฌุงูุน ุงููุจูุฑ
ูุดุฑุจ ุงููููุฉ ูู ูุถููุฉ ุฏุฑุจ ุงูููุฏู
ูุงูุจูุงุก ูุงูุฏูุงู ููู ูุดูุฑ ุงููู ุณุนููู ุฌููุนุงู.",216,1,2022-07-10 05:21:56.464699,2022-07-10 05:21:56.464699
249,"ุจุณู ุงููู ุงูุฑุญูู ุงูุฑุญูู
ุฅูุง ููู ูุฅูุง ุฅููู ุฑุงุฌุนูู 
ุชููู ุงูููู ุงูุฃุญุฏ
ุงูููุงูู 10/7/2022
ุฅูู ุฑุญูุฉ ุงููู ุชุนุงูู
ุงูุญุงุฌ/ูุญูุฏ ูุญูุฏ ุฅุจุฑุงููู ุงูุนุฏุณ
ูุดูุฑุชู ุงูุญุงุฌ/ ุณููุฏ ุงูุนุฏุณ
ูุงูุฏ ููุง ูู :
ุงูุฃุณุชุงุฐ/ ุฃููู ุงูุนุฏุณ 
ูุทุงุฑู ุงูุนุฏุณ
ูุนุงุทู ุงูุนุฏุณ
ูุฃุญูุฏ ุงูุนุฏุณ 
ูุฃุฎู ููุง ูู:
ุนุจุฏุงููู ูุญูุฏ ุงูุนุฏุณ
ูุนุจุฏุงูุฑุญูู ูุญูุฏ ุงูุนุฏุณ 
ูุฑูุนุช ูุญูุฏ ุงูุนุฏุณ
ูุงูุฏููุฉ ุจุนุฏ ุตูุงุฉ ุงููุบุฑุจ 
ูุงูุตูุงู ุนููู ูู ูุณุฌุฏ ุฃุจู ุฏุดูุด
ูุงูุจูุงุก ูุงูุฏูุงู ููู ูุดูุฑ ุงููู ุณุนููู ุฌููุนุงู.",216,1,2022-07-10 12:41:53.759214,2022-07-10 12:41:53.759214
250,"ุจุณู ุงููู ุงูุฑุญูู ุงูุฑุญูู
ุชูููุช ุงูููู ุงูุงุซููู ุงูููุงูู ูกูก/ูง/ูขููขูขุงูู ุฑุญูุฉ ุงููู ุชุนุงูู
ุงูุญุงุฌุฉ ุตูุนู ุจูููู ูุญูุฏ ุงูุตููู 
ุฒูุฌุฉ ุงููุฑุญูู ุงูุญุงุฌ ุงุญูุฏ ุนุจุฏู ุงุญูุฏ ุจุฏูู 
ููุงูุฏุฉ ููุง ูู
ุนุจุฏุงูุฑุญูู ุงุญูุฏ ุนุจุฏู 
ููุงุตุฑ ุงุญูุฏ ุนุจุฏู 
ูุฎุงูุฉ ููุง ูู
ุงููุฑุญูู ุงูุงุณุชุงุฐ ูุญูุฏ ุนูู ุนููุงู 
ููุญููุฏ ุนูู ุนููุงู
ูุนูุฉ ููุง ูู
ุฌููู ุงูุตููู 
ููุณุนุฏ ุงูุตููู 
ูุงูููุงู ูู ูุตุฑ
ูุงูุฏููู ุจุนุฏ ุตูุงุฉ ุงูุธูุฑ ูุจุงุดุฑุฉ
ูุงูุตูุงู ุนูููุง ูู ูุณุฌุฏ ุงูุฑุญูุฉ ุจุฌูุงุฑ ุงูููุงุจุฑ
ูุงูุจูุงุก ููู.",11,1,2022-07-11 02:35:45.46057,2022-07-11 02:35:45.46057
251,"ุจุณู ุงููู ุงูุฑุญูู ุงูุฑุญูู 
 ุฅูุง ููู ู ุงูุง ุงููู ุฑุงุฌุนูู 
 ุชููู ุฅูู ุฑุญูุฉ ุงููู ุชุนุงูู ุงูููู ุงูุฃุฑุจุนุงุก ุงูููุงูู ูขููขูข/ูง/ูกูฃ
ุงูุฃุณุชุงุฐ ุนุจุฏุงูุฑุงูุน ุญุณู ุงูุนุจุงุฏู 
ุฃุฎู ุงููุฑุญูู  ุงูุฏูุชูุฑ  ูุงุฌุฏ ุงูุนุจุงุฏู
ุจู ุนู ุงูููุงุก  ุนุจุฏุงูููุงุจ ุงูุนุจุงุฏู  
ุนู ููุง ูู
 ุงูุฃุณุชุงุฐ ุญุงุฒู  ุนุจุฏุงูุนููู ุงูุนุจุงุฏู
ุงูุงุณุชุงุฐ ุญููุงูู ุงูุนุจุงุฏู
ุงูููุงู ูู ูุตุฑ
ุดุฑุจ ุงููููุฉ ูุงูุงูุชุธุงุฑ ูู ฺคููุง ุงูุนุจุงุฏู 
ุฃูุงู ุทุงุจููุฉ ุงูุญุงุฌ ููุฒู ุงูุจูุด 
ุงูุฏููุฉ ุบุฏุง ุงูุฎููุณ ุจุนุฏ ุตูุงุฉ ุงูุธูุฑ ูุจุงุดุฑุฉ
ุงูุตูุงุฉ ุนููู  ูู ูุณุฌุฏ ุงููุฌูุน ุงูุงุณูุงูู 
ูุงูุจูุงุก ููู",1,1,2022-07-13 19:25:08.213534,2022-07-13 19:25:08.213534
252,"ุจุณู ุงููู ุงูุฑุญูู ุงูุฑุญูู
ุชูููุช ุงูููู ุงูุฎููุณ ูกูค/ูง/ูขููขูขุงูู ุฑุญูุฉ ุงููู ุชุนุงูู
ุงูุญุงุฌู ูุงุทูู ุนุจุฏุงูุณูุงู ูุญุจูุจ 
ุฒูุฌุฉ ุงููุฑุญูู ุงูุญุงุฌ ููุฒู ุงููุฏูุฑ 
ููุงูุฏุฉ ููุง ูู
ููุฏูุญ ููุฒู ุงููุฏูุฑ 
ูุนูุงุฏ ููุฒู ุงููุฏูุฑ
ูุงุฎุช ููุง ูู
ุงูุญุงุฌ ุนุจุฏุงูุณูุงู ูุญุจูุจ 
ูุงูุดูุฎ ุฑูุนุช ูุญุจูุจ
ูุงููุฑุญูู ุตุงุจุฑ ูุญุจูุจ 
ูุงูุฏููู ุจุนุฏ ุตูุงุฉ ุงูุนุตุฑ ูุจุงุดุฑู
ูุงูุตูุงู ุนูููุง ูู ูุณุฌุฏ ุงูุญูุงููู
ูุงูุจูุงุก ููู",1,1,2022-07-14 11:45:02.220174,2022-07-14 11:45:02.220174
253,"ุชูุจูู ุดุฏูุฏ ุงูููุฌุฉ ูุณุงุฆูู ุงูุชูุงุชู ๐บ
ูุงู ุงูุงุณุชุงุฐ/ ูุญููุฏ ุฏุงููุฏ ุตุงูุญ ุจุงูุฅุชุตุงู ุจุงูุฃุณุชุงุฐ/ ุณุนูุฏ ุงููู ุฑุฆูุณ  ุงููุฌูุณ ุงููุญูู ุจุงููุฑูุฉ
ูุชุญุฏุซ ูุนู ุนูู ููุถูุน ุบูุงุก ุงูุฃุฌุฑุฉ ุจุฎุตูุต ุงูุชูุงุชู
ููุงู ุฑุฏ ุณูุงุฏุชู ูุงูุงุชู๐
ุฃู ุญุฏ ููุบูู ุงูุฃุฌุฑุฉ ููุชุนูู ููู ุจูุงุบ ููุญุถุฑ 
ูุฅู ุดุงุก ุงููู ูู ุญููู ูุชูุฒู ููู ุงูุฃุญุฏ",11,1,2022-07-15 19:17:40.766532,2022-07-15 19:17:40.766532
254,"ุจุณู ุงููู ุงูุฑุญูู ุงูุฑุญูู
ุฅูุง ููู ูุฅูุง ุฅููู ุฑุงุฌุนูู
ุชูููุช ุงูููู ุงูุณุจุช
ุงูููุงูู 16/7/2022
ุฅูู ุฑุญูุฉ ุงููู ุชุนุงูู 
ุงูุทููุฉ/ููู ูุญูุฏูุญููุฏุงูุนูู
ุจูุช ุฃุฎู/ุถูุงุก ูุญูุฏ ุงูุนูู
ูุฌุฏูุง ููุง ูู :
ุงูุญุงุฌ/ูุญููุฏ ุงูุนูู
ูุงูุญุงุฌ/ุฅุณูุงุนูู ุงูุนูู
ูุจูุช ุฃุฎุช /ุญุณู ุงูุนูู
ูุงูููุงุฉ ูู ุทูุฎ
ูุงูุฏููุฉ ูุณุงูุฉ ุงูุฌูุงุฒ 
ูุงูุจูุงุก ูุงูุฏูุงู ููู ูุดูุฑ ุงููู ุณุนููู ุฌููุนุงู.
ุงูููู ุฃุฎูู ุนูู ูุงูุฏููุง ูุฃููููู ุงูุตุจุฑ ูุงูุณููุงู ุนูู ูุฑุงููุง.",216,1,2022-07-16 17:28:44.699854,2022-07-16 17:28:44.699854
255,"ุงูุทููุฉ/ููู ูุญูุฏูุญููุฏุงูุนูู
ูู ุทุฑูููุง ููููุฒู ุจุจุฑุดูู ูุงูุฏููุฉ ูุณุงูุฉ ุงูุฌูุงุฒ
ูุงูุตูุงุฉ ุนูููุง ุจูุณุฌุฏ ุจุฑุดูู ุจุฌูุงุฑ ูุฏุฑุณู ุงูููู ุจูุงุช
ุซู ุงูุฏููุฉ ุจููุงุจุฑ ุงูุนุงุฆูุฉ ุจุฃุฌููุฑ ุงููุจุฑู 
ูุงูุจูุงุก ูุงูุฏูุงู ููู ูุดูุฑ ุงููู ุณุนููู ุฌููุนุงู.
ุงูููู ุฃุฎูู ุนูู ูุงูุฏููุง ูุฃููููู ุงูุตุจุฑ ูุงูุณููุงู ุนูู ูุฑุงููุง.",216,1,2022-07-16 19:54:47.387146,2022-07-16 19:54:47.387146
256,"ุงูุทููุฉ/ููู ูุญูุฏูุญููุฏุงูุนูู
ูู ุทุฑูููุง ููููุงุจุฑ ูุงูุฏููุฉ ุงูุณุงุนุฉ 11
ุฅููู ูู ุฑุบุจุฉ ูู ุชุดููุน ุงูุฌูุงุฒุฉ ูุญุถุฑ ุงูุขู ุฅูู ุงูููุงุจุฑ.",216,1,2022-07-16 20:45:10.403453,2022-07-16 20:45:10.403453
